kind,level,rate,n
cap_degradation,0.5,0.0,120
ina_gain,-0.2,0.016666666666666666,60
ina_gain,-0.05,0.0,2
opamp_aol,0.001,0.0,44
opamp_vos,0.02,0.0,60
opamp_vos,0.05,0.0,60
open,0.0,0.01282051282051282,780
parametric,-0.5,0.0,540
parametric,-0.2,0.028112449799196786,249
parametric,-0.1,0.0078125,128
parametric,-0.05,0.12698412698412698,63
parametric,0.05,0.1,50
parametric,0.1,0.007874015748031496,127
parametric,0.2,0.01568627450980392,255
parametric,0.5,0.002061855670103093,485
short,0.0,0.0,960
