kind,level,still_compliant,n
cap_degradation,0.2,1.0,24
cap_degradation,0.5,0.6666666666666666,24
opamp_aol,0.001,0.75,24
opamp_aol,0.01,1.0,24
opamp_vos,0.02,0.8333333333333334,24
opamp_vos,0.05,0.5,24
open,0.0,0.3076923076923077,104
parametric,-0.5,0.5384615384615384,104
parametric,-0.2,0.6634615384615384,104
parametric,-0.1,0.7692307692307693,104
parametric,-0.05,0.9038461538461539,104
parametric,0.05,0.9519230769230769,104
parametric,0.1,0.7980769230769231,104
parametric,0.2,0.7019230769230769,104
parametric,0.5,0.5673076923076923,104
short,0.0,0.19230769230769232,104
