trained_on,kind,false_rejects_per_split
functional,cap_degradation,4.0
functional,electrode_high_z,10.333333333333334
functional,electrode_off,155.33333333333334
functional,healthy,1.0
functional,opamp_aol,2.0
functional,opamp_vos,2.0
functional,open,10.666666666666666
functional,parametric,118.0
functional,short,2.0
percentage,cap_degradation,326.6666666666667
percentage,electrode_high_z,47.333333333333336
percentage,electrode_off,2.5
percentage,healthy,215.66666666666666
percentage,opamp_aol,181.0
percentage,opamp_vos,200.66666666666666
percentage,open,252.0
percentage,parametric,3692.0
percentage,short,162.66666666666666
