feature_set,model,repeat,accuracy,balanced_accuracy,f1_macro,top3_accuracy
C1,knn,0,0.6798668885191348,0.19864824070877093,0.1965458104243414,0.773377703826955
C1,knn,1,0.6835274542429285,0.2011862354651566,0.19894030567400214,0.7677204658901831
C1,knn,2,0.6793677204658902,0.2009487983476024,0.19920335941529912,0.7705490848585691
C1,random_forest,0,0.6196339434276207,0.205782803125358,0.21009387752000092,0.778036605657238
C1,random_forest,1,0.616638935108153,0.20929542928137282,0.21465276785897908,0.7815307820299501
C1,random_forest,2,0.6084858569051581,0.20888138443608986,0.21424686274162313,0.7820299500831946
C1,svm,0,0.7023294509151414,0.19698979854334273,0.1922010462122833,
C1,svm,1,0.7031613976705491,0.19971214264405765,0.19518509968115214,
C1,svm,2,0.7024958402662229,0.20058234584625684,0.1953604184582453,
C1,gradient_boosting,0,0.6991680532445923,0.19101094089117548,0.18917631740399923,0.8138103161397671
C1,gradient_boosting,1,0.7004991680532446,0.18980086916022657,0.1925287903796631,0.8128119800332779
C1,gradient_boosting,2,0.7013311148086523,0.1833130552856778,0.19359058314951513,0.8131447587354409
C1,mlp,0,0.7001663893510816,0.19518173298523328,0.186569113154493,0.8106489184692179
C1,mlp,1,0.702828618968386,0.19811212654638188,0.1933061665963808,0.8153078202995009
C1,mlp,2,0.6991680532445923,0.19547903436861402,0.1888107314136183,0.8101497504159734
C1x,knn,0,0.6196339434276207,0.2729330990568997,0.2849717897125617,0.7712146422628952
C1x,knn,1,0.6173044925124792,0.2672849969556286,0.2808699493196939,0.7618968386023295
C1x,knn,2,0.6118136439267887,0.26594032939703616,0.2794229383924378,0.7670549084858569
C1x,random_forest,0,0.6925124792013311,0.2845467354261363,0.29701714562767734,0.8309484193011647
C1x,random_forest,1,0.6938435940099834,0.28322274116003116,0.3007689590548525,0.8339434276206322
C1x,random_forest,2,0.6970049916805324,0.2935856703149953,0.312264360908723,0.8344425956738769
C1x,svm,0,0.7096505823627288,0.22556595912384964,0.2340350829142255,
C1x,svm,1,0.7113144758735441,0.23303903303746004,0.24183858905937802,
C1x,svm,2,0.7114808652246256,0.23528204680097284,0.2445948041893253,
C1x,gradient_boosting,0,0.721297836938436,0.27654539802336814,0.29644110339804625,0.8519134775374376
C1x,gradient_boosting,1,0.7198003327787021,0.2689259387540985,0.28960604582593896,0.8579034941763727
C1x,gradient_boosting,2,0.721297836938436,0.2654970151662692,0.28684330746551256,0.8524126455906822
C1x,mlp,0,0.7234608985024958,0.2667630793194408,0.271879585776703,0.8569051580698835
C1x,mlp,1,0.7178036605657238,0.2568484435220001,0.2629420675861019,0.8502495840266223
C1x,mlp,2,0.7217970049916805,0.26240676843107696,0.26952924353255625,0.8515806988352745
C2,knn,0,0.830116472545757,0.5253596110902503,0.5252118369827513,0.9232945091514143
C2,knn,1,0.824126455906822,0.5340466888097887,0.5350894338811767,0.9179700499168053
C2,knn,2,0.8227953410981698,0.5236484545123233,0.5227585183900286,0.9184692179700499
C2,random_forest,0,0.8823627287853577,0.576467461199559,0.5875919487543446,0.9632279534109817
C2,random_forest,1,0.8788685524126456,0.5768956201048107,0.588182824411663,0.9650582362728786
C2,random_forest,2,0.8800332778702163,0.5789702737631417,0.5871631540756836,0.964559068219634
C2,svm,0,0.8419301164725458,0.5290803295840204,0.5255386735937839,
C2,svm,1,0.837936772046589,0.5204461885624314,0.5120680007701018,
C2,svm,2,0.8409317803660565,0.5308330757313333,0.5227232905410973,
C2,gradient_boosting,0,0.875540765391015,0.5714618611124404,0.5854940624838647,0.961730449251248
C2,gradient_boosting,1,0.8760399334442596,0.5915792549575221,0.5999406438751009,0.9618968386023294
C2,gradient_boosting,2,0.8760399334442596,0.5775115072911827,0.5881220090531526,0.9618968386023294
C2,mlp,0,0.864891846921797,0.5466762819708036,0.537417751264872,0.9575707154742097
C2,mlp,1,0.8574043261231281,0.5359143731997611,0.5239926133985702,0.9515806988352745
C2,mlp,2,0.8650582362728786,0.5519245886160821,0.5452975776085882,0.9589018302828619
C3,knn,0,0.7750415973377703,0.3855253758134856,0.4052259282494073,0.8991680532445924
C3,knn,1,0.7715474209650582,0.37154066906611793,0.38716456461643817,0.894675540765391
C3,knn,2,0.7816971713810316,0.38448711259731727,0.40550795384781135,0.905657237936772
C3,random_forest,0,0.8658901830282862,0.5390792162088739,0.5620267853056115,0.9534109816971714
C3,random_forest,1,0.8668885191347754,0.5398861047020969,0.5648380532349561,0.9575707154742097
C3,random_forest,2,0.864891846921797,0.5237123275241826,0.5473949369237888,0.951414309484193
C3,svm,0,0.7525790349417637,0.3055931020100168,0.33159315553358176,
C3,svm,1,0.7537437603993344,0.28984246734406277,0.31426776562762854,
C3,svm,2,0.7554076539101497,0.3011811910687366,0.33253969462326016,
C3,gradient_boosting,0,0.856738768718802,0.5188260712676515,0.5418685213765446,0.9490848585690516
C3,gradient_boosting,1,0.8597337770382696,0.5135241182444985,0.5383504696890514,0.9502495840266223
C3,gradient_boosting,2,0.859567387687188,0.5156259293300036,0.5382356653835585,0.9490848585690516
C3,mlp,0,0.7752079866888519,0.345565097187702,0.3508101056839833,0.905657237936772
C3,mlp,1,0.7743760399334443,0.33810602236456494,0.34943388070106995,0.9083194675540766
C3,mlp,2,0.7853577371048253,0.36325420666113417,0.382520145632148,0.9184692179700499
C4,knn,0,0.6011647254575707,0.19055839782545048,0.19000590318218183,0.778036605657238
C4,knn,1,0.5900166389351081,0.18758323578581373,0.18423576576199616,0.7792013311148086
C4,knn,2,0.6013311148086522,0.1989009475918476,0.20064863706052874,0.7718801996672213
C4,random_forest,0,0.659567387687188,0.19478553842730134,0.20490379786072174,0.827287853577371
C4,random_forest,1,0.6613976705490848,0.1855665334460873,0.1981692218981248,0.8226289517470882
C4,random_forest,2,0.6552412645590682,0.20518256513745423,0.21856612062765615,0.8198003327787021
C4,svm,0,0.6737104825291181,0.11703211486310784,0.11300952208384699,
C4,svm,1,0.6740432612312812,0.11658308258107655,0.11655431902397057,
C4,svm,2,0.673377703826955,0.11400892492291691,0.10774065613366081,
C4,gradient_boosting,0,0.6923460898502496,0.17894362022566332,0.19084210011475436,0.8361064891846922
C4,gradient_boosting,1,0.6905158069883528,0.1674803757298359,0.1834033907018434,0.8397670549084859
C4,gradient_boosting,2,0.6951747088186356,0.18850149924125315,0.20718945408481618,0.8386023294509152
C4,mlp,0,0.6725457570715474,0.10850909209108808,0.09835110487591159,0.7935108153078203
C4,mlp,1,0.66738768718802,0.08049983283182882,0.07278205828227062,0.7841930116472545
C4,mlp,2,0.670549084858569,0.0980924254244214,0.08532486612558861,0.7886855241264559
C1+C2+C3+C4,knn,0,0.8737104825291181,0.6438629714071956,0.6689476342300217,0.9467554076539102
C1+C2+C3+C4,knn,1,0.8698835274542429,0.6390099737053865,0.6641339470631679,0.9462562396006655
C1+C2+C3+C4,knn,2,0.8718801996672213,0.6387969171989609,0.6632298785208157,0.9467554076539102
C1+C2+C3+C4,random_forest,0,0.9362728785357737,0.7427792460633372,0.7650877522154329,0.9943427620632279
C1+C2+C3+C4,random_forest,1,0.9357737104825291,0.7493036686245931,0.7671472836961392,0.9948419301164726
C1+C2+C3+C4,random_forest,2,0.9351081530782029,0.7446308976044443,0.7592697673175036,0.9920133111480866
C1+C2+C3+C4,svm,0,0.908485856905158,0.6953380471286437,0.7153880547810965,
C1+C2+C3+C4,svm,1,0.9106489184692179,0.6952919719206403,0.7111187253920263,
C1+C2+C3+C4,svm,2,0.9066555740432612,0.6927915286794862,0.710308351762404,
C1+C2+C3+C4,gradient_boosting,0,0.9334442595673876,0.7330742227293149,0.7542368841597847,0.9911813643926789
C1+C2+C3+C4,gradient_boosting,1,0.9334442595673876,0.7379822692487834,0.7530039236718715,0.9896838602329451
C1+C2+C3+C4,gradient_boosting,2,0.9336106489184692,0.7383066702937221,0.7547761360962095,0.9901830282861896
C1+C2+C3+C4,mlp,0,0.9004991680532446,0.674795662548096,0.6847886687249312,0.9787021630615641
C1+C2+C3+C4,mlp,1,0.9066555740432612,0.6848785945074692,0.6881856706778307,0.9833610648918469
C1+C2+C3+C4,mlp,2,0.9104825291181364,0.6967902350935367,0.7042191765714751,0.98369384359401
