cm_amplitude,n_samples,repeat,n_cases,escape_rate,false_reject_rate,accuracy,balanced_accuracy,rld_non_compliant_cases,rld_escape_rate
0.1,1000,0,19080,0.038403990024937655,0.01731917717319177,0.9782494758909853,0.9721384164009352,60,0.5
0.5,1000,0,19080,0.037655860349127185,0.017916390179163903,0.9779350104821803,0.9722138747358544,60,0.5166666666666667
1.0,1000,0,19080,0.03865336658354115,0.017650962176509622,0.9779350104821803,0.9718478356199747,60,0.4666666666666667
1.0,10000,0,19080,0.03690773067331671,0.01692103516921035,0.9788784067085954,0.9730856170787364,60,0.45
0.1,1000,1,19080,0.04589673235220753,0.01572556565589543,0.9779350104821803,0.9691888509959485,60,0.5833333333333334
0.5,1000,1,19080,0.04440009977550512,0.01599097604671223,0.9780398322851153,0.9698044620888914,60,0.5
1.0,1000,1,19080,0.04265402843601896,0.01585827085130383,0.9785115303983228,0.9707438503563386,60,0.45
1.0,10000,1,19080,0.042404589673235224,0.01658814942605003,0.9779874213836478,0.9705036304503574,60,0.4666666666666667
0.1,1000,2,19080,0.03991965854883254,0.016758296350268265,0.9784067085953878,0.9716610225504496,60,0.45
0.5,1000,2,19080,0.03715792116495104,0.01742067960521958,0.9784591194968554,0.9727106996149146,60,0.43333333333333335
1.0,1000,2,19080,0.03866432337434095,0.01708948797774392,0.9784067085953878,0.9721230943239576,60,0.45
1.0,10000,2,19080,0.03665578709515441,0.01735444127972445,0.9786163522012579,0.9729948858125606,60,0.43333333333333335
