feature_set,model,accuracy,accuracy,accuracy,balanced_accuracy,balanced_accuracy,balanced_accuracy,f1_macro,f1_macro,f1_macro
,,mean,ci_low,ci_high,mean,ci_low,ci_high,mean,ci_low,ci_high
C1,knn,0.6308567603748326,0.6166373928214408,0.6450761279282244,0.3711340284940237,0.3631799680243143,0.37908808896373314,0.3654750507105508,0.35645951041706986,0.37449059100403176
C1,random_forest,0.485809906291834,0.47470176091848176,0.49691805166518627,0.36790412891503516,0.3659105863003547,0.3698976715297156,0.3520239740924478,0.3478935461919963,0.35615440199289927
C1,gradient_boosting,0.4136378848728246,0.34272425671842954,0.48455151302721966,0.3940114065169529,0.3826821189970264,0.40534069403687933,0.332883837469059,0.3066706811583538,0.3590969937797642
C1x,knn,0.6486278447121819,0.6420086455184005,0.6552470439059633,0.3955390044259479,0.39443100911474893,0.3966469997371469,0.3989999451223889,0.39575894446605525,0.40224094577872255
C1x,random_forest,0.5791834002677376,0.5737442677156008,0.5846225328198744,0.3971127079540675,0.385377235804198,0.408848180103937,0.39387575124718005,0.3841195326719526,0.4036319698224075
C1x,gradient_boosting,0.5637382864792503,0.5043146969671606,0.62316187599134,0.42179575072027403,0.41506495104093033,0.42852655039961773,0.39414052533118055,0.38038291512301425,0.40789813553934684
C2,knn,0.8930220883534137,0.888916258246759,0.8971279184600683,0.747687914867832,0.737313562247444,0.75806226748822,0.7970212137933648,0.789409035048554,0.8046333925381756
C2,random_forest,0.9093540829986613,0.9060327568989982,0.9126754090983243,0.7907539683355479,0.7809579588453628,0.800549977825733,0.81733501076523,0.8112912963336746,0.8233787251967853
C2,gradient_boosting,0.8788487282463185,0.8695196632034045,0.8881777932892326,0.8153259924406876,0.8017616506483171,0.8288903342330581,0.757012692838925,0.7431427611494753,0.7708826245283747
C3,knn,0.8705655957161982,0.8660171127739444,0.8751140786584519,0.6461259571339237,0.6436636324238263,0.6485882818440212,0.6843644742524062,0.6810119535260318,0.6877169949787806
C3,random_forest,0.873309906291834,0.8707350026665364,0.8758848099171317,0.7068072646315997,0.703326384541658,0.7102881447215414,0.7328149841318569,0.7305732657863748,0.7350567024773389
C3,gradient_boosting,0.8217536813922356,0.8131414602655802,0.830365902518891,0.7384261098046457,0.7274590295972121,0.7493931900120794,0.6724582488339353,0.663667022823758,0.6812494748441127
C4,knn,0.7657463186077645,0.7613526171664363,0.7701400200490928,0.5552779755246453,0.5414321678893079,0.5691237831599827,0.6017198947213052,0.5833250195950269,0.6201147698475834
C4,random_forest,0.6876338688085676,0.6835540031844769,0.6917137344326583,0.5727955792314434,0.5606282660287947,0.5849628924340922,0.5675196868161855,0.5588505101296202,0.5761888635027508
C4,gradient_boosting,0.6842034805890226,0.6813127459589163,0.6870942152191288,0.6365169073595108,0.6312396603057477,0.6417941544132739,0.5392841405574281,0.5351495232460697,0.5434187578687866
C1+C2+C3+C4,knn,0.9257697456492636,0.9236230197941757,0.9279164715043515,0.7928967377261237,0.7816705345977767,0.8041229408544707,0.8388243023461553,0.8297045234329165,0.8479440812593942
C1+C2+C3+C4,random_forest,0.9494979919678714,0.9459335022844265,0.9530624816513164,0.8369840195571127,0.830365110582477,0.8436029285317483,0.8672500394509606,0.8590425427524955,0.8754575361494257
C1+C2+C3+C4,gradient_boosting,0.9196285140562249,0.9113068020590906,0.9279502260533592,0.8622771787159363,0.8435179015967048,0.8810364558351679,0.806800883825867,0.7893222593304426,0.8242795083212914
