origin,kind,predicted,share
circuit,cap_degradation,circuit,0.9833333333333333
circuit,cap_degradation,none,0.016666666666666666
circuit,ina_gain,circuit,1.0
circuit,opamp_aol,circuit,0.9545454545454546
circuit,opamp_aol,none,0.045454545454545456
circuit,opamp_vos,circuit,1.0
circuit,open,circuit,0.9333333333333333
circuit,open,electrode,0.03636363636363636
circuit,open,none,0.030303030303030304
circuit,parametric,circuit,0.9372693726937269
circuit,parametric,none,0.06220347917764892
circuit,parametric,electrode,0.0005271481286241434
circuit,short,circuit,0.996875
circuit,short,none,0.003125
electrode,electrode_high_z,electrode,0.6291666666666667
electrode,electrode_high_z,none,0.37083333333333335
electrode,electrode_off,electrode,0.7777777777777778
electrode,electrode_off,none,0.11666666666666667
electrode,electrode_off,circuit,0.10555555555555556
electrode,open,electrode,1.0
none,cap_degradation,none,0.9904761904761905
none,cap_degradation,electrode,0.004761904761904762
none,cap_degradation,circuit,0.004761904761904762
none,healthy,none,0.9946666666666667
none,healthy,electrode,0.0033333333333333335
none,healthy,circuit,0.002
none,ina_cmrr,none,1.0
none,ina_gain,none,0.9827586206896551
none,ina_gain,circuit,0.017241379310344827
none,ina_vos,none,1.0
none,opamp_aol,none,0.9910071942446043
none,opamp_aol,circuit,0.00539568345323741
none,opamp_aol,electrode,0.0035971223021582736
none,opamp_vos,none,0.9979166666666667
none,opamp_vos,electrode,0.0020833333333333333
none,open,none,0.990909090909091
none,open,electrode,0.006060606060606061
none,open,circuit,0.0030303030303030303
none,parametric,none,0.9909591603450068
none,parametric,circuit,0.007066403408500468
none,parametric,electrode,0.0019744362464927776
none,short,none,0.9958333333333333
none,short,circuit,0.0020833333333333333
none,short,electrode,0.0020833333333333333
