condition,acd_mag_0.05,acd_ph_0.05,cmrr_db_0.05,acd_mag_0.5,acd_ph_0.5,cmrr_db_0.5,acd_mag_10,acd_ph_10,cmrr_db_10,acd_mag_50,acd_ph_50,cmrr_db_50,acd_mag_150,acd_ph_150,cmrr_db_150
healthy,210.86120453279517,39.273680693844966,46.32645638669911,273.3841085126793,4.386072286483808,47.960329936841575,273.8893452410689,-4.740305011557519,48.7997118746769,269.19990107510296,-24.436663482763382,52.37689192516427,217.96522916468808,-76.80512710138817,56.22461343965769
R1:open,4.220487873482,38.69962139028565,-11.842773730595685,5.415624682501543,0.7283803801115274,-9.676631745696124,3.3116343222945144,-56.664573040883994,-13.94874729892527,0.8211205932399719,-103.93788785478395,-26.06167645737161,0.22226029109622358,-161.37245062110435,-37.41226144207911
R1:short,210.6963495778087,39.38620415101837,45.26250938850625,273.0800654450422,4.390788879960271,46.30539369083483,273.6606006881352,-4.74758383399936,46.93641691646832,269.00606567136685,-24.439631924592362,50.75889055402059,216.84475324544638,-76.56683070634493,53.42292658575163
R1:parametric:-0.5,209.69018674036704,39.10222002037875,45.673252546254375,273.0552279219561,4.372994570118765,47.43943657635096,273.5689912387011,-4.7112709184298485,48.410612956544796,268.7457121652134,-24.42751937095317,51.77371086373641,216.79980576626642,-76.66805365777336,55.82202977192167
R1:parametric:-0.2,210.19486891674921,39.23037941025804,45.01058224928735,273.33308750028516,4.401955650911633,46.57354722624267,273.8168685859083,-4.717425392080859,47.02436407001102,269.4744344009498,-24.364379130681172,51.449252245474284,216.99418834488836,-76.80922539286985,56.05512052750608
R1:parametric:-0.1,210.88633217199487,39.29717475262839,46.4487841313385,273.15015804696213,4.344093212212934,47.903487121543975,273.7367189912181,-4.725563183741336,48.28779488158215,268.96160254946676,-24.547696109186294,52.532532077299294,217.07878263395384,-76.81902441766874,56.107725019962764
R1:parametric:-0.05,210.52163290732906,39.14181239167798,46.96282537111573,273.28714135363873,4.388580804710663,47.45584321108808,273.7916826635968,-4.707340752491909,48.49237816712773,269.10437932403363,-24.384080261527593,52.40386921964145,218.32263817997335,-76.76703156518685,56.33168636766419
R1:parametric:+0.05,211.1592999557692,39.253609129498415,46.99856297769478,273.52510203743475,4.4033284589477315,48.16112931228673,273.99083161996725,-4.7492245619269,48.64030650494905,268.9387094011199,-24.472643904931957,53.910017144675706,217.01334801356683,-76.92034792593607,56.482017321095974
R1:parametric:+0.1,211.342574366981,39.025868989137834,47.97489665160748,273.8790158741025,4.375871855888397,48.95420538899654,274.52732714988207,-4.736162355336962,50.325560433908805,269.38758732785084,-24.474902543305276,53.578221537175,218.74135738270962,-76.80008469642101,57.321499831612925
R1:parametric:+0.2,211.65888940944478,39.20667074314501,47.26979433393222,274.05377449736164,4.37176377286702,48.56069422166097,274.74389353576476,-4.761480736744538,49.87801000498503,270.01059389105706,-24.511911083999365,53.13693741895599,217.5897661790726,-77.11255325163961,56.50182694951117
R1:parametric:+0.5,210.78784327489115,39.137699096404376,47.60228431184699,273.58355046767736,4.373296895322192,48.6264179830523,274.10024112110244,-4.766183271699418,49.82126744060521,269.2223962206042,-24.650979440451493,52.344084174728096,216.75092784783754,-76.9950550203865,55.38422496413189
R2:open,4.6093113362506415,39.07854939436527,-11.07703755431538,5.937032168332992,2.440403489527599,-8.878211493989797,4.0712874514802415,-25.726851657255747,-12.155003239873494,2.671731450508473,-17.44710749672884,-15.813801114426013,2.856286564798596,-38.629101856633454,-15.233926782146902
R2:short,210.6184946309036,39.28886291297451,45.56329006265982,273.16306318851343,4.412342165213612,47.94080558284389,273.5065211871523,-4.689781598636619,48.80979736954587,269.50462803558713,-24.23199968214144,51.80039194562792,217.79201712514012,-76.32531078882212,53.34366194355755
R2:parametric:-0.5,210.88238839707256,39.43690072413578,47.0788885913753,273.7993239033045,4.3782826451670624,48.48705399501155,274.3433937823425,-4.703159694394708,49.3529363110206,269.51894026774744,-24.245617269435208,53.27638278629582,218.16737866532432,-76.80989749065373,55.600009128295774
R2:parametric:-0.2,211.20278181638008,39.133972392570385,45.3565442349951,273.16885642914207,4.364874190433445,46.73888603997926,273.8400543594588,-4.745133238390352,47.49482944311063,269.14384169553693,-24.36136285482113,51.96130451318773,217.87043739284945,-76.59835065467453,56.9011146618834
R2:parametric:-0.1,210.99732491135057,39.36694475518726,46.55173266499155,273.6074698516279,4.40615818175274,47.58489550349513,274.04619789666606,-4.7105112281039645,48.01806929395843,269.183954735823,-24.34342081436877,52.05406873447613,217.8581451600174,-76.39648019185674,57.30229425403013
R2:parametric:-0.05,210.5455713341239,39.19924954592052,46.59413995483145,273.679488876719,4.3906216886240195,48.17143777484101,274.2179922860853,-4.755683738027867,49.02202211016848,269.5526917023499,-24.47198808950164,52.27083033073232,217.2117100582836,-76.77942962189402,56.86029608647888
R2:parametric:+0.05,209.28818459818288,39.328801097135624,43.60934351134142,273.06275366171576,4.421269654203677,45.61096164310362,273.45092575798196,-4.752179499315401,47.1419716797231,268.956083131418,-24.506325869456216,52.66573568331091,217.03317030490922,-76.89626610679045,56.59951956038147
R2:parametric:+0.1,211.35376253485208,39.29484436852928,45.76681512781724,273.75065503983257,4.369455188940165,46.95188358438631,274.327411737178,-4.718813618527095,47.82402416515912,269.6546801873667,-24.394814975095898,51.852027398984255,217.93464807881685,-76.7646505659146,55.75377047077388
R2:parametric:+0.2,211.02256791870025,39.13369935191061,46.12018064314212,273.9349320979718,4.375150502602403,48.907038063636065,274.4022372052905,-4.720049261090367,49.966376181809466,269.2401048075309,-24.42923552886026,53.47621859298309,217.69071784900964,-76.70231020796504,56.51838993667023
R2:parametric:+0.5,211.020374938919,39.163981476235804,46.997900952883704,273.1771766419365,4.3739800852529225,48.33541949744047,273.7588863083657,-4.744083719039624,49.02790347462164,268.56785649844016,-24.520338997040163,52.05619836267603,217.56223192943588,-76.90927422750846,55.69728110745811
R3:open,212.26855870468086,39.230315314473735,40.19481111460594,274.7362680914423,4.363706538085839,41.28508684982005,275.3703471045536,-4.839172544322278,41.557890648491636,270.21034554405435,-24.616395175401216,45.507725750219166,217.6974859687155,-76.91356044204447,50.26667414275019
R3:short,0.7307892661405275,41.34203515819138,-27.07397048600466,1.0948713821245564,21.88432528986304,-23.5627704127197,7.078625908427229,78.59536794334389,-7.3508831144585525,45.838900370100916,65.00716113465208,8.874633140935899,181.3289447693964,-18.871489546431746,20.81965432364514
R3:parametric:-0.5,211.03141402461262,39.2670812598333,39.487978222635604,273.5974756307792,4.406788618381762,40.49536464778005,273.9761497114029,-4.686329758649732,40.969412612051954,269.23074774366535,-24.44435924829209,45.09212281004571,217.36182937838103,-76.6480621501572,49.07968267735963
R3:parametric:-0.2,210.4149794027647,39.32441995138403,45.78139542681353,273.19663922777755,4.424546950496563,46.20447822931077,273.8647527309537,-4.664190393001822,47.84072464939402,269.50603014262435,-24.305750482431574,51.549797314223206,218.89141741924482,-76.61287396206677,55.565815410496555
R3:parametric:-0.1,210.88409603118748,39.147892185005006,45.177153037817426,272.72224277356884,4.350469038434065,46.351424626664,273.23352602820347,-4.739295108482963,47.14927202289326,269.16990021833647,-24.50443480787004,51.81281987544169,217.12619829707933,-76.73710709978758,55.94240483990994
R3:parametric:-0.05,210.90435959949153,39.3295337773058,45.45704674337049,273.445622121914,4.4194979680220055,47.94781277615478,274.1149958402701,-4.718651806547326,49.0363625710544,269.43543748174494,-24.40715379935513,52.73539307768961,218.41371752308459,-76.72796348968828,57.462863878028244
R3:parametric:+0.05,210.00054789450547,39.53397693034739,46.373702375061235,272.53264204880776,4.415565892017778,49.229585950520004,273.03271770898505,-4.771810182975994,50.170441796262836,268.5816394062424,-24.481127867745386,52.397902832635694,216.94220473251173,-76.9938089412754,56.354236287692444
R3:parametric:+0.1,210.1776665950377,39.38191927065208,45.86274603638405,273.1874551057831,4.392749597806443,47.31003515688923,274.15079102818936,-4.734150277632537,48.04595818220376,269.3338749694907,-24.537125837452436,51.2225414988521,217.99890862294308,-76.78271705447288,55.183991028895036
R3:parametric:+0.2,211.20986175097093,39.39634764243895,46.7824759228281,274.20449562524345,4.390657902958843,47.957705001821765,274.6394996746658,-4.75998712348321,48.80045652157676,269.6070533280948,-24.411940213057008,51.95885221763664,217.78255842258278,-76.77492456513504,55.71084753579625
R3:parametric:+0.5,211.47548581486734,39.4017765674245,45.680509656369956,273.60243574883873,4.38850875556745,48.493581108670234,274.36623749891504,-4.726717302279518,48.83187286147388,269.3565154204173,-24.5141234604476,52.470330412929016,217.49644893855822,-76.51117850020655,55.670274215698996
R4:open,212.38884506607738,39.3030834353503,39.4579697869991,274.445904406191,4.393935783316591,40.56366208688898,274.95856264365415,-4.760246702390754,41.14430252839571,269.81924391048364,-24.309821379031703,45.91767664304244,218.32727105863893,-76.7968465079496,50.65960542164105
R4:short,1.1194443499456703,41.23158805202678,-23.369670772678536,1.5376775641954188,21.90893366074038,-20.612373295191457,9.509670874293661,77.50737280910204,-4.786552627424172,59.83742931416927,60.72490316968043,11.189781095992439,202.09617157696653,-23.299544347146785,21.76164823304463
R4:parametric:-0.5,209.8772194403407,39.36594967040091,38.116287500501805,273.1952308762882,4.403404660110427,40.3848014714375,273.6655378544791,-4.710711245204325,41.11130479470081,269.1313373342662,-24.2706366924089,44.719608891922206,217.54325522572836,-76.72230344479021,49.64519522513375
R4:parametric:-0.2,210.2126821582031,39.35580541552882,44.18994128569376,273.0842278709926,4.415221355897243,47.41419818968853,273.80429657607544,-4.678690707042726,48.39329074473362,269.28635019822764,-24.315730008540037,51.502757479334065,218.59465692827956,-76.79691303226703,55.12636400803543
R4:parametric:-0.1,209.58880581305885,39.26555947716846,44.404754130876775,273.1159641497753,4.391359635089907,47.56822095395698,273.39678372017937,-4.7448020603860055,48.10202916740801,268.8964262911409,-24.50060544024158,51.61877281705623,216.72376096401175,-76.97744607209609,54.81840100821306
R4:parametric:-0.05,210.68104391841433,39.3054332984158,47.650152857198904,273.6893873143098,4.401002383176069,48.186607353671036,274.0346598840592,-4.710787022630607,48.587958985900244,269.1757348434609,-24.359916242249987,52.54964991727704,218.32738762952596,-76.72087096984836,56.50743135786057
R4:parametric:+0.05,210.98007878991712,39.375729789287654,44.778638693474385,273.4888607393841,4.344464117706243,46.24933293025478,273.888672550876,-4.767352877219242,47.71016468967821,269.0071688019798,-24.485483928084328,52.15800571236833,217.31531614066614,-77.02677805082563,56.08323807459538
R4:parametric:+0.1,210.541196260003,39.17555288790934,45.79055866266698,273.5636533528959,4.366641716139066,47.83424199490443,273.96914965493755,-4.746515463836398,48.53633616828722,269.00232450863086,-24.519449371594625,52.626409452192306,217.7423034076482,-76.83972588177421,56.46975391657125
R4:parametric:+0.2,209.84946748614107,39.24764749545578,46.59851916149191,273.55832339290015,4.399831516701607,48.612447392927315,274.0902486817235,-4.742837540133596,50.37045555954757,269.3834703006388,-24.54605192424063,52.70463350151549,217.3608199562551,-76.55745827978322,56.70451921767193
R4:parametric:+0.5,211.49475940399452,39.24209491207419,45.58330678754467,273.9988892154182,4.3834545449032145,48.52179743738455,274.59244799366314,-4.717570831142581,48.973836477509806,269.7517293592086,-24.421140617810565,53.08723670450125,218.74324305903036,-76.84585438106534,56.28603867765739
C1:open,210.49394071446773,39.254374464643355,45.61116908407109,273.3595755437101,4.378234998204302,47.52892497871305,274.0165716676055,-4.742496535483047,47.893833961664384,268.9752946889097,-24.538608209637314,50.47558400595561,217.62275488357182,-76.62783499784487,51.281338524826005
C1:short,0.05437327672434861,39.221080928326145,49.2538424433956,0.05645385282338135,4.4048636075051,47.91557585260131,0.061710437678539,-3.8784905427687972,52.06611683745905,0.0593205897156979,-21.425588886175056,47.57072661766662,0.05610190732065318,-71.35552398184213,47.023110595433515
C1:parametric:-0.5,210.66851702568636,39.06698414667736,44.65149301684087,273.42448712971225,4.3709648204458595,47.85657544962977,273.6425004986444,-4.722432143734603,48.37742771892546,269.4567058514058,-24.37388342627111,51.822933525666045,218.29480112443784,-77.0191785111376,54.49531718936395
C1:parametric:-0.2,211.12086815310113,39.02064035658162,46.14098184963863,272.9881033873779,4.373031040520124,47.602877970102824,273.70466783997705,-4.746489134951908,49.05101184663168,269.0694650498592,-24.354881483521567,53.241206551502636,218.23019539880102,-76.71011094937109,56.456840176393456
C1:parametric:-0.1,209.83961775859746,39.257767625612956,45.44270446232849,272.51662848241017,4.36996760843113,46.733499130809534,273.085203062349,-4.717240681310392,46.3807106889107,268.5260053761215,-24.520048386227344,50.842699421722244,217.17190988966604,-76.70051553716415,54.425434744469115
C1:parametric:-0.05,210.15556079850103,39.26474501264447,44.90775046417649,273.1182304473881,4.341619889281857,45.972458209336004,273.6583222541311,-4.7810126020692465,47.27771919121052,268.9433822542976,-24.72335174894466,50.79942320514991,216.55891779950207,-76.99469858876442,55.36102136882759
C1:parametric:+0.05,211.09735295857874,39.191147268387645,45.38484975753933,273.2050624824111,4.350574794078783,47.46383583779155,273.68084069004715,-4.742835331566617,47.844407051804865,269.01231330853875,-24.442373025744082,52.61796483592855,217.99603333480326,-76.99976071221832,56.33033883242909
C1:parametric:+0.1,210.47805748863624,39.25639694006665,44.405065171030564,272.90585409326235,4.377980603683867,46.77357473464082,273.2068297653881,-4.78708923333783,47.42198239261904,268.7636927778432,-24.555535436490015,50.906629525124245,216.31626170529853,-76.70495344357147,54.96536122507501
C1:parametric:+0.2,211.2873525309702,39.43193041906752,47.13198170108511,273.62719119548257,4.412010440675432,48.497691999061516,274.1519308441492,-4.759397810641719,49.59472922371317,269.2398766206816,-24.49447214078102,52.941951785427705,217.9610670409329,-76.83244751200309,56.51707478972888
C1:parametric:+0.5,210.13415818716015,39.304073704009156,44.423408742436735,273.2911532451469,4.369421324688021,45.83703973068205,273.3552762196032,-4.774530754371543,47.504818316252525,269.0588309777219,-24.570451706149697,49.937196411412664,217.2020311159996,-76.47370624166423,52.131436434412656
C1:cap_degradation:+0.2,210.2197038784819,39.256393251630094,45.14071750849571,273.5126134288165,4.386119308092704,46.929386233480116,273.9908766378474,-4.772794595929712,48.21248614909991,269.05116209432845,-24.49424717357428,52.228616366002186,218.4173645603875,-76.8888342336629,55.521393857635275
C1:cap_degradation:+0.5,210.64392614610466,39.10051482151776,44.674041590486866,272.7664592665051,4.349981073010401,45.6023822357001,273.18898314321285,-4.792908188795806,46.52774174714365,269.1151232696667,-24.6477619601604,50.675329740961025,216.89153309045406,-77.26822656550289,53.37034683247761
C2:open,210.35929928085199,39.107562453011056,45.04902876276894,272.9614602393741,4.35832005274877,46.247779763347054,273.58811785042485,-4.745118802519939,47.04299041569658,269.044223509261,-24.594811352703758,49.944194077220814,216.63843888506432,-76.92676263819865,49.98882428397886
C2:short,0.07066321015400923,39.22038108878891,50.18506175592068,0.07885932091332247,4.454518639022483,52.0294576449604,0.08281682214019384,-4.627136343964791,52.631008859601664,0.0854566369419642,-24.247182669876224,51.45029219865421,0.07525784991576515,-77.08028914380105,51.334390288240115
C2:parametric:-0.5,211.71996984986083,39.23500850404841,48.092192857150636,273.45949154713935,4.388710561434159,49.02853005053369,273.96957836805734,-4.712488606755501,50.6434296489101,269.6859198774837,-24.212477295550137,52.59033396226093,218.55839252627348,-76.55277908787423,55.25555158950367
C2:parametric:-0.2,210.97311571619866,39.374603762933575,44.59420230791957,273.2381141455313,4.381452215906878,46.923219426441364,273.9380136931735,-4.715026609625314,48.10002216171754,269.36705984509,-24.392569691332696,52.67291997507074,218.0765144183511,-76.71627005557872,56.80278472309677
C2:parametric:-0.1,210.31300506078944,39.193882982410756,45.52209898320939,273.22395062957366,4.35544942085604,45.978313226598814,273.6023240631587,-4.73904560667319,47.61496776325741,269.40192288701985,-24.423977859716345,51.21635475393352,217.12150073879081,-76.87150539570632,55.694790369911686
C2:parametric:-0.05,210.35315268710355,39.24940748793648,44.88635476590126,273.4160138338676,4.397462082693344,46.587505706407555,273.9186757903302,-4.76949886202997,47.46753319966554,268.8028956626965,-24.496901606892408,52.29966639081101,217.43656636946014,-76.73177370429164,57.129417679383806
C2:parametric:+0.05,210.8927944239959,39.173346530710944,45.16310223785949,273.5715280039469,4.381131694838439,46.6578656210602,274.1806234037382,-4.740886428372233,47.65183014664173,269.2021988683482,-24.64458287307666,51.599809946267285,216.63608292821738,-77.10775736075229,55.200514495902844
C2:parametric:+0.1,210.95153701866812,39.25369022513222,45.64560968142872,273.55656331279044,4.389472424584337,47.4271844346338,274.0814652491299,-4.765203426176461,48.074539665775305,269.6456116422993,-24.59252246538509,51.71674449439661,217.83621043058304,-76.88878351202027,55.56378390608806
C2:parametric:+0.2,211.04461862217482,39.269834926621925,48.0047736343796,273.52661258390077,4.402064814139196,49.99352591081758,273.94819086383103,-4.727344148671236,50.27817010547717,269.36273456877916,-24.480682883350845,52.45712803230379,217.95783778691447,-77.03601406814991,55.81553650494373
C2:parametric:+0.5,210.24344604233835,39.28441179202653,46.22900194003607,272.2223651808965,4.393194387902825,47.02732224104647,272.67018092756655,-4.768472209502054,47.910347419728836,267.7637957827295,-24.550519500909743,51.06846213418022,216.6821349894386,-76.69739355293008,52.70583916536461
C2:cap_degradation:+0.2,210.08448286310363,39.25465219731423,44.67012660133646,273.0380005304911,4.381033911744563,47.44957928259909,273.56290964798745,-4.749881406049939,48.911817384326575,268.95297108146235,-24.496124522591636,52.95126138783819,217.14203594028623,-76.95519585958931,56.082091006611606
C2:cap_degradation:+0.5,210.04796743560263,39.34882684821953,45.11920756661462,272.8662320434131,4.402567622290188,46.96914562901435,273.36652142944433,-4.745218755350029,48.20570175303493,268.59675573302036,-24.489548644269476,51.07105620993771,216.96531213284806,-77.0214108508868,53.446242120181566
C3:open,211.01618248273746,39.12935854159292,47.381384255859246,273.3782517368373,4.547707941228367,49.249011636051875,274.6041463548022,-4.109706119955033,49.564915034063034,274.12447034879165,-22.473177775506613,52.70757458607777,225.35198294632667,-74.02795981460685,56.38744832244045
C3:short,0.03093345633343022,39.849894839394885,26.280851040462586,0.03073722568985423,9.021341866567775,22.415775571155365,0.031000565551046605,12.16240565103016,22.24671932516637,0.029916963046418284,5.003508856808802,23.046802385408505,0.028276259740978367,-41.023124986784204,24.034946015628577
C3:parametric:-0.5,210.00222168245165,39.18867100195294,43.923936276022616,272.33621464974124,4.443622515700431,46.370542294741796,273.63277655284156,-4.468381180696465,47.83035159200995,271.25875928377127,-23.736658704893625,51.95108569433117,221.02123527320322,-75.8567283718331,56.13998478734576
C3:parametric:-0.2,210.64604290901195,39.437997017920715,47.79225863049774,273.8965880667438,4.425618914734404,48.60563617816473,274.5618547750395,-4.633367249179291,49.20433897279972,270.66409641788715,-24.21260047695649,52.62525564174181,219.43191107584892,-76.51591010157523,56.77364024566363
C3:parametric:-0.1,210.76861202920838,39.45927322917716,46.30302329753975,273.78674324450924,4.417094895716495,48.41775491344639,274.4607320720055,-4.696915961437446,48.509938603544946,270.0829157567864,-24.437858372509023,53.16083926433651,217.85255133545786,-76.76282923747014,56.44998127309453
C3:parametric:-0.05,210.5901922652498,39.241955004110025,44.775956615108115,273.71840899023914,4.400326637654386,47.355123332181755,274.3810782801331,-4.706032689655158,49.627997154900385,270.0530858563926,-24.263612472819236,52.573150568630616,218.04639191346035,-76.55530071466046,56.456778709178785
C3:parametric:+0.05,210.45271655783256,39.31569805158285,44.61768201202226,273.2108444471275,4.393570005563088,47.044568223836684,273.7082687970973,-4.747504463372703,47.68217780829447,268.9499526237163,-24.54581031079747,52.3446021336579,216.92437866722076,-76.74056650472826,56.32970489374729
C3:parametric:+0.1,210.7831699994378,39.325903121940286,45.64257240157997,272.7606946713428,4.357500462847926,47.192541960830326,273.08316134127983,-4.828967283114898,47.22974143641153,267.6057889206685,-24.704629896000966,51.05347324984366,215.67643959467281,-77.06901318652355,55.529955426126946
C3:parametric:+0.2,211.67325951879155,39.363205738956566,46.432867448034116,273.9804963480934,4.4113249077036585,47.66188084183216,274.33839582624796,-4.835298763741857,48.65601556541522,269.2018407099759,-24.762834430358403,51.876234367992375,216.45410515650724,-77.39579383257183,57.684415049504665
C3:parametric:+0.5,210.5854377644154,39.18755439012711,45.088555268541185,273.3298834358949,4.3486090524450995,46.15939869474909,273.51287020474774,-4.981505597600192,47.04658019657357,266.2253134039938,-25.02850344201323,51.3809892301051,214.89634752302615,-77.59604257078237,56.56343357999796
C3:cap_degradation:+0.2,211.08727369811456,39.35049846616377,47.31891460832712,274.03022213627946,4.40724639964198,49.38266035578499,274.766573096983,-4.6145187661896685,49.94746352932823,270.899420139436,-24.146395459596313,53.2002489173178,220.07413203068324,-76.36505166422248,57.69978862553475
C3:cap_degradation:+0.5,211.04786594778605,39.44270653351474,47.26986338493503,274.0886684674043,4.458455411875411,49.09298623251017,275.02663999012793,-4.477067496211356,50.275715101134274,272.26957791141217,-23.73348579250638,52.635985731845,220.86279401717042,-75.68463038228836,56.48698601666614
R5:open,52.39546898277901,39.27149877878622,46.86294004298881,68.0672126581092,4.400252521257029,49.041862664749395,68.20327507043662,-4.708924983475362,49.470717443437216,66.97462887124746,-24.38772329929466,52.689616164261615,54.04133461983085,-76.72888349070715,56.757989988183226
R5:short,369.59258450986493,39.27961039297061,46.10210140807118,479.99508987774726,4.366611364053757,47.39774122619187,480.84638454847794,-4.809665737526772,48.58681527037666,471.74013243836396,-24.73903028355936,52.570579149824326,380.0348181547341,-77.05468504369085,56.57703472284548
R5:parametric:-0.5,264.56693703970416,39.38569843664841,46.841452189287374,342.80462452127676,4.410366581689433,49.02221919178602,343.441964495555,-4.723717394822309,50.02530779873954,337.43248107098094,-24.32289554090304,52.764432794093835,272.8766425590844,-76.91288211649093,56.59882352818054
R5:parametric:-0.2,228.67755607730044,39.30779473577675,47.1960928788681,296.8807250286162,4.375018543129896,48.99977464606664,297.66304999461875,-4.726653903621958,49.822698905288185,292.20217517876813,-24.433151879237933,52.34301007798415,237.0119883789157,-76.66877163776803,56.39802284950649
R5:parametric:-0.1,218.16335365406533,39.19939239373422,45.180928216083984,283.23672223789544,4.384690750952787,46.78688311978733,283.8245576462633,-4.732353620592862,48.150458262546714,279.3949710406801,-24.442668795724302,52.10178941771209,225.9930183031202,-77.0015065811838,56.649301598151816
R5:parametric:-0.05,214.38208312292812,39.28927866271118,46.084875289487144,278.14045569337713,4.397091263740562,47.53864753270324,278.87027977592396,-4.752445402681764,48.297887602501945,273.5812129391717,-24.396763028396002,52.52476824850346,221.4097595871383,-76.89599130328997,55.85033955260397
R5:parametric:+0.05,207.03234319379956,39.32527998064053,44.84390340604472,268.5222215052348,4.407510195703342,46.259413030869766,269.09233459927293,-4.795501761413316,47.10608651084449,264.46371265579694,-24.5568056560328,51.22412403923805,212.68599590531892,-77.08590985955476,56.573370051150526
R5:parametric:+0.1,203.8341149189347,39.287709413282855,47.348730577967345,263.7760181159906,4.380508841243839,48.41724533338626,264.3521506197525,-4.731286251886695,49.74340873898609,259.8129275217575,-24.445953591219684,52.328595658860536,209.99331775209075,-76.64525048675813,55.92376425301689
R5:parametric:+0.2,197.2819265209926,39.05329916361039,45.973165528476784,254.78443007314797,4.3497159441550695,47.24805453288266,255.28777632978114,-4.777167413061836,47.837123692561185,250.79710095101314,-24.599595614053236,52.05810534031423,202.42016690477902,-77.10613127546031,56.79083314743656
R5:parametric:+0.5,179.32522820214146,39.2983337042226,46.84609527514411,232.33165374533002,4.399566044642707,48.02295261671076,232.70893044559213,-4.723591799558665,48.094107064528345,228.95276521015893,-24.356445628909967,52.718219128181524,185.60410560487645,-76.81033186478697,56.99974520110564
R6:open,52.46249587087462,39.29323567036796,46.27901140644422,67.99336439766265,4.390821587849773,47.59066063762191,68.12433296737328,-4.697297196845122,48.75794490125663,66.91402862386363,-24.400185529695083,51.9452954579902,54.08581324330521,-76.7625292290601,56.94277410716559
R6:short,368.384261543545,39.42627736984154,46.35694316088296,478.4669778000981,4.448890276094761,48.436228916522765,479.4378181280032,-4.712171749567215,49.108721610067256,470.6723221699765,-24.33929085539687,52.57169666457192,382.7072033292068,-76.45035716396649,56.81074814268392
R6:parametric:-0.5,263.7830998239312,39.231862166673565,45.63871591888565,342.05278365391325,4.390304166641263,47.87795251505338,343.0826691301269,-4.75038541793883,49.51781038637142,337.2481249081235,-24.546934547866584,52.4358490217687,271.64500952522184,-76.724967450437,56.262499768748
R6:parametric:-0.2,227.9815815513216,39.37261460060566,46.29228655265159,295.9385271188753,4.421126297751001,47.22057177915893,296.56646550962586,-4.743832278549647,49.508891465903,291.26072172297586,-24.50839497611437,53.105970192301356,235.59631089192962,-76.79128218002565,57.1075647004965
R6:parametric:-0.1,218.7571608343098,39.09486951777576,45.25302807334262,284.06023263062775,4.370372942821707,47.18884211955435,284.6232756381109,-4.758410987700926,47.747962631044494,279.5219940864524,-24.651581999837408,51.75734448840058,225.4429387090583,-76.90980898727551,56.28948083336465
R6:parametric:-0.05,214.6550145441413,39.18776899328556,46.17090987858066,278.00658481866935,4.374767422360211,46.96307878293092,278.6914078117833,-4.799493911270918,47.79450528744981,274.0492748893284,-24.724421040123833,51.6937379907113,220.13803368499129,-77.20032585600009,55.440250672222646
R6:parametric:+0.05,206.1048334114048,39.18903423625477,45.561347875241935,268.2117183566236,4.37022565820691,47.47696831804364,268.76306518472785,-4.732709719548646,47.428119709710415,263.76671661954435,-24.512580526291092,50.743984388561074,213.9793203284348,-76.95237181501251,54.16431391912466
R6:parametric:+0.1,203.2370920604224,39.402950279416785,46.096548681537335,263.7742133863995,4.399760101728296,47.83665660076306,264.06166690174257,-4.747272237346497,48.93732571809078,259.872881841878,-24.558533511343327,52.56018632487428,209.71290138638662,-77.2043515319713,56.37883779790447
R6:parametric:+0.2,195.95262654814866,39.326980082131165,44.37270994525872,254.272092722304,4.37850453941823,47.01779016959533,254.75889122747242,-4.7382375808824015,47.523415594024094,250.3107375816773,-24.367436018667334,51.91487030270312,202.66120651942327,-76.90983763325424,56.40267392186644
R6:parametric:+0.5,178.2735703960037,39.344502984690095,46.097306999916796,232.0286409078601,4.394389044238205,47.54593414078963,232.56450023333963,-4.7450612376635855,48.02443958475615,228.26829899988059,-24.449354067816916,52.212162751427165,184.65384427682557,-76.58786013263264,56.57914177789517
R7:open,210.61617412291326,39.15868834603539,46.95783457330524,272.86172392555295,4.401235791527267,48.01957449913485,273.2630712236845,-4.6492720811147965,50.041789389470395,269.0006029730215,-24.20770790998381,54.385715024648306,218.0283488196938,-76.70367308771124,58.669320638200944
R7:short,210.35929645294078,39.32923968575285,47.02460507971898,273.3820479564391,4.409511767983121,47.850347216115914,273.98455650362854,-4.73636266129196,48.58523603328323,269.45591632968603,-24.489955164188636,52.25874559858718,217.2793948562223,-76.84376135818704,56.70273201285679
R7:parametric:-0.5,210.71278925734646,39.308051667484804,44.485487548675195,273.57279290412384,4.436121288524218,46.902077281955386,274.09260676199426,-4.727230091390808,47.95317956873461,269.52471083451576,-24.36957723232375,52.700923721360965,217.52457552060196,-76.79530897378476,56.63291208083776
R7:parametric:-0.2,210.34405806925645,39.305582761134964,46.44183317345579,272.786575772725,4.39180849067194,46.811783246185676,273.3447337268126,-4.750073171810392,48.16677995061231,268.973453064214,-24.470989545970443,51.835182875560605,217.00505686298587,-76.84437478414347,56.16384381029181
R7:parametric:-0.1,211.61938364545637,39.3731260048898,45.26713961486758,273.7304871115528,4.37827576486582,48.33498317585686,274.2311860872892,-4.7315057049170335,49.50921065070631,269.37260673708874,-24.26370117349792,52.818328941752696,218.8507238424181,-76.32248154601305,56.935143866513
R7:parametric:-0.05,210.91145075861232,39.20510185165845,47.03893558315902,274.12326861093527,4.390938430541955,49.073131288935315,274.6066450958115,-4.7205477600543055,49.363198319290845,269.86447090487206,-24.475725783018994,51.61468585363755,218.1550922349543,-76.86659255718075,55.474198244703004
R7:parametric:+0.05,210.9038575224276,39.19349631159167,47.05727446988536,274.0656405200001,4.368543153559704,48.31753560064045,274.55106153617146,-4.72488915827113,49.46110450890416,269.62065726022837,-24.423162855865474,53.19229884071398,218.5679938389876,-76.90755411123529,57.0866373880784
R7:parametric:+0.1,210.83553900754006,39.241338810290614,45.64736229518181,273.494571741393,4.370508744272892,46.539831867972964,273.82773078583983,-4.781226993053033,47.533562262346344,269.0699378402183,-24.56016608405021,52.10157704746719,217.58367149588793,-76.9515790132985,56.28226917910773
R7:parametric:+0.2,210.80208927114572,39.395756834220094,44.8821138737086,273.6301089440682,4.364415520286716,47.24514950230646,274.400970713284,-4.76255648746663,48.577897127128054,269.39877622463723,-24.570376872566293,51.705840319980624,217.33998149337552,-77.02450461113746,55.24764806946666
R7:parametric:+0.5,212.14218031856615,39.22435340131652,47.23715867604044,274.3592627962088,4.406347781748053,49.64351438451311,274.830443602394,-4.676611350569635,50.85363919871691,270.356623444481,-24.233166381525734,53.483047115803814,219.14926035546947,-76.38387237701386,56.63179685017286
R8:open,210.98872136815817,39.198593787105196,47.45457940867318,273.3144561792443,4.3725908800388735,48.58966571035825,273.9126904962946,-4.758034447090299,49.14898752530462,268.72819930508103,-24.63045712713788,52.550510091179376,216.74297292716932,-77.15739306786921,56.96545202156037
R8:short,210.86371030720449,39.24665693762167,46.22829360030291,273.37019270089434,4.36692209370346,47.32797011881018,273.9003733311969,-4.741262987860576,48.31968821117726,269.2018193269392,-24.466656529435483,52.438573963934644,218.05139969270314,-77.0167933717897,56.25219069381404
R8:parametric:-0.5,210.2984125946754,39.29599735254085,45.983396995914454,273.41958192411744,4.392263072932812,48.26533582685718,274.0277382780036,-4.735904556459774,48.997220742277605,269.39734823639617,-24.637777618978653,52.26715358657035,216.93750373307364,-77.18423350144202,56.78230240875547
R8:parametric:-0.2,209.81818056792707,39.32663655320933,43.380371965234005,272.58372396499203,4.3780086416139525,44.186335088027604,272.799185930891,-4.7762096382476935,45.33735618522313,268.7056683116148,-24.621672560885436,51.130208614894485,216.81730618507444,-77.00380621241297,55.10738855818428
R8:parametric:-0.1,211.30589843835634,39.256545421952964,47.53984855357227,273.7679460588415,4.380962815131172,48.45719723867293,274.39134635765487,-4.758202702311882,49.49966238421709,270.2793566754818,-24.61173902369164,52.70500775672936,217.40820870967303,-77.17941916233474,56.218458742014775
R8:parametric:-0.05,210.4346631979455,39.41574646794963,46.58793894713105,273.3480788170991,4.40931620616608,48.01126947572713,274.0675721920919,-4.726724626013433,48.58364150069667,269.2468244090161,-24.402580145716314,51.77478806105499,218.86806171053172,-76.67415629384908,55.851558554102745
R8:parametric:+0.05,211.25214503406565,39.08500863720212,46.681064428879196,273.59627314987796,4.38208471483135,48.50290163148409,274.09452563988333,-4.734075635920846,49.17042273363106,269.4889686634357,-24.58077953222041,52.73163082244359,217.20701817718432,-76.93186837331109,55.95800045410293
R8:parametric:+0.1,211.17138139052753,39.40551762655265,46.69933587044966,273.96678989371264,4.40479539052309,48.08339322772592,274.58909144401616,-4.718849421491512,48.80176644770512,269.2717819069806,-24.410844322784627,52.201726415412786,217.98063997036053,-76.72622958114044,56.46460412604324
R8:parametric:+0.2,211.01033083713912,39.33823775745153,47.30452065516536,273.7254710488096,4.388787438942007,49.3882019597517,274.2922679624837,-4.741703208749193,51.37099082846281,269.5078693696462,-24.45615650888612,53.08079361033346,218.16983683808272,-76.91541796499456,56.582231624407754
R8:parametric:+0.5,210.52884835685035,39.36530371094473,45.150797424500425,273.58105988071884,4.376388871074813,46.88608168969105,274.2370319588251,-4.7306988522446005,48.447304702344255,269.83636176508867,-24.579929570432906,52.07963190839744,217.59593344113313,-76.93790114339765,54.788238710512005
C4:open,210.4547234273849,39.50221986871047,44.08632549230816,273.54634574214344,4.399312347623342,47.570050581499096,274.0419754032806,-4.718290248154157,49.20242404816288,269.6015084528663,-24.431822097181566,53.038892835761715,220.196425619749,-76.53577521535236,56.55618571404116
C4:short,211.55586175488398,39.175488409524995,47.1187909381374,274.50644019876097,4.3907088966579035,48.882622883393125,275.0200328635378,-4.716332860299323,49.6835320488078,270.09056573533803,-24.45904218699158,52.29352292722692,218.74680781174706,-76.80633641734573,55.269019268567064
C4:parametric:-0.5,210.65509793334633,39.201347277667466,45.90798898446053,273.22333664897803,4.384179784161124,47.02484887841306,273.7744170627076,-4.697019114265685,48.030915285795345,269.1912448282644,-24.34110800739066,52.618466484399676,218.58936694373818,-76.52290376273069,56.88710077752117
C4:parametric:-0.2,209.98216560005403,39.28538569347707,45.23902033771572,273.3534457395518,4.393959037784766,47.2996577995101,273.8820223683933,-4.777740305324404,47.665043969457344,269.05276921639376,-24.582646805093134,52.675716617652746,217.3076644510837,-77.02815534277761,56.05642437069351
C4:parametric:-0.1,211.45575653545092,39.285444203045714,47.00868631697571,273.920718819155,4.377731832877236,48.302080723411166,274.2747627386984,-4.775574443407971,48.5388457602814,269.0810849299733,-24.645147897456965,51.71668335259234,216.59611128564072,-77.0345553937174,56.65513046973621
C4:parametric:-0.05,211.08096083595086,39.2474593945516,46.47722652288836,273.3781136799611,4.394413140739556,47.600817262373326,273.9494311237047,-4.71446322116181,48.19475726609813,269.0664490356946,-24.264349400055643,51.96467690706415,219.00564278984132,-76.50831515671254,56.38278868319676
C4:parametric:+0.05,210.03080531209378,39.176959482587336,43.44240615151578,273.24296158271113,4.329576311950556,45.979008471239325,273.65738892022904,-4.794055727362771,47.18489688300038,268.71106093663747,-24.724732007220858,51.222294295629794,216.3345625895425,-77.07539335610943,54.62612178703972
C4:parametric:+0.1,211.37163464409028,39.23813868380252,46.91764301955162,273.7142521771536,4.403932921297651,48.47731755539051,274.42636873647234,-4.694995379318174,49.41259089492908,269.3240556331963,-24.379774703986932,53.908265115301006,218.04117736379763,-76.44679884722089,58.07192860150212
C4:parametric:+0.2,210.58162242902907,39.30321137827308,47.36537183726942,273.07857721795074,4.40405849927442,48.61999296208552,273.67947139647595,-4.7658871555868405,48.76210283530579,268.62312383234314,-24.494679317096008,52.533575136215724,215.96423529657102,-76.74954592440295,56.615816706955286
C4:parametric:+0.5,210.1832809447465,39.25961041941215,46.54859544484886,273.03325933672323,4.387166694913684,48.57684962061221,273.6725042845991,-4.68718605419418,49.547189000649745,269.2420506626412,-24.434753264654944,52.722620536300475,218.44262253644825,-76.84822499170144,56.42054848238693
C4:cap_degradation:+0.2,211.24817152739115,39.17689154743463,45.891455161837314,273.548048769038,4.381363364207065,46.84872933805157,273.98755514412284,-4.742530870169045,47.76461715912116,269.1755797662155,-24.411717008410772,51.945880197785684,218.2954406532497,-76.7107123143261,55.715171476838705
C4:cap_degradation:+0.5,211.75812538476936,39.24377618658845,47.76619857613174,274.1891722223331,4.383276226995689,48.56687271872641,274.8124698659723,-4.732676984305009,49.24880425618123,270.3325767204349,-24.422460861346096,52.630663816089566,218.00768385040337,-76.66980936046056,56.32585162480478
R9:open,211.97213588465675,39.291964183948004,49.421866563992964,274.0224060104174,4.41726921366385,50.557310215030995,274.4312108880523,-4.726953367284587,54.418381846345525,269.3523162053149,-24.498800409729856,69.30159107874033,217.6464925595725,-76.74680584746761,87.10135422510231
R9:short,210.3120132764907,39.240619697051656,44.49288472319043,273.1234073472922,4.387860590570646,45.95580232010826,273.6159608626133,-4.768964746154449,47.0436325412964,268.8201527777803,-24.5064952198673,51.876868073455114,217.90476436640571,-76.99436347475526,56.42011288637554
R9:parametric:-0.5,211.53637576485863,39.1710716583535,47.13860552336157,273.7513243279975,4.387785963819804,48.34215537093927,274.23325781164857,-4.7616818725634715,48.607129713083296,269.40072949289174,-24.471540521952782,52.431786674159255,216.88024661807805,-76.8857101973866,57.26395045324981
R9:parametric:-0.2,209.8397513720784,39.31760883036972,46.67441877148411,272.44639115782377,4.366489001777721,47.930135930935876,272.83799837078095,-4.747829819274919,48.256142811719556,268.9846050895851,-24.47649663121434,50.8567371805252,217.18317278296456,-76.85645307145586,55.20803225736634
R9:parametric:-0.1,209.95144252032603,39.30135130287255,44.22712405598396,273.08038789036516,4.392345539659352,45.74227602771052,273.5476008245332,-4.715101950110823,47.09124020056379,268.58106867249273,-24.37889885445403,51.958900806059965,217.39351542818486,-76.70524287675173,56.31940897376512
R9:parametric:-0.05,211.2936515786804,39.191955341573305,47.63736840794176,273.919142096317,4.367297841935972,49.21780309753852,274.4197302911997,-4.7340545543099894,49.55922714991273,269.39527476673754,-24.500786822456654,52.746948555708784,216.5453391152384,-77.06447762561041,56.449578084255734
R9:parametric:+0.05,211.1959393189697,39.301628541584236,46.12073845833993,273.30367142095406,4.347501222581718,47.9519738160831,273.909574427223,-4.77943620721123,49.601639758918125,269.22104761553453,-24.62178530599965,53.649484217812606,216.8363940673296,-77.05545050472399,57.38510216387666
R9:parametric:+0.1,209.92751052922108,39.406799982808295,44.825535587828064,273.14118407597647,4.419715034926898,47.51876632007912,273.75426223972323,-4.722930433758925,48.473589027978505,269.04996175017646,-24.34417847196641,52.24281071615623,218.96247814912965,-76.64071413416089,57.45860854882178
R9:parametric:+0.2,211.13386856651343,39.18263750626236,46.98094768856296,272.99192245000216,4.403669494988813,47.79097573541827,273.4624542209673,-4.723326306498933,48.20178131812159,268.80596430340717,-24.274777764646508,51.47770547887184,218.95275826759,-76.68367962306704,56.102333349436236
R9:parametric:+0.5,210.64162447452404,39.25453588837159,45.00947122455873,272.8880343091997,4.357992005532216,46.148120528242416,273.30964203341284,-4.778359457996708,47.03976440336675,268.6668335670373,-24.481133148986142,51.02979755447373,216.33379684707572,-76.59895356832789,55.409959958712776
C5:open,1.0359397848704588,0.06093986369639641,45.32340076933482,1.0404037557877899,-0.7616379510809175,47.25609354933127,1.0478696695396221,-5.3286431779374634,48.2049225541781,1.0327213050680335,-24.72830172984797,51.90509513296291,0.8269328099563132,-77.05468184209968,55.32513861025883
C5:short,270.4876547880949,-0.027832024075358976,45.20124426008422,272.4958629857072,-0.2532260916594332,47.95797329630396,272.17637921222433,-4.971179848275897,48.064040121779875,267.6879006015132,-24.605333487694384,51.638730773817855,214.35507790990368,-77.00055330732138,54.345560694458584
C5:parametric:-0.5,140.88065100412783,58.65072465686567,47.20982905347198,271.1889779737811,9.032057623794831,47.599005683162794,274.42370165676596,-4.4995343110646555,48.63539388416701,269.5972584130008,-24.290052752670363,52.26474894670693,218.70721533047924,-76.67853119313055,56.16875433687593
C5:parametric:-0.2,188.93310299570334,45.65582565100506,44.63639602308358,272.2744023407643,5.514805087415506,46.69355353382339,273.2510384608607,-4.7027677165458375,46.99917577862172,268.80610184057645,-24.629115739742964,50.874996950955094,216.8146420323893,-77.22676419991609,54.380708550231965
C5:parametric:-0.1,200.83508227541708,42.20995024408323,45.79039954417613,273.15873424329857,4.862658459756034,46.77337091271592,273.964076503514,-4.731884467985082,47.56904556734749,268.7865332878675,-24.561041968671102,51.63597536315319,216.85986754324148,-77.00245097573382,55.66165329979093
C5:parametric:-0.05,206.7203419173426,40.64493024046057,46.63457687310036,273.590553610187,4.615945840749385,47.60256864542954,274.31685646281574,-4.686487897465831,48.61870598103587,269.400797012727,-24.339644852666375,52.0341369564011,219.10267332910647,-76.6914534432457,56.12282286901521
C5:parametric:+0.05,214.7848355475341,37.71683804968477,44.94150075736529,272.62200016631425,4.131633352689462,46.859336567612445,272.93873127288595,-4.815583010030151,46.580530916929604,268.0376191731458,-24.61873730450282,52.26157882142695,216.3934011539315,-77.25138884223975,57.24179099166721
C5:parametric:+0.1,217.75330290903466,36.457902646390025,46.551408740029466,272.93321295921885,3.933335844415768,46.978250822306045,273.34926704637655,-4.748396867809635,47.71539296066838,269.00834978008703,-24.39912372260288,52.22425572352067,217.36897916575708,-76.75185988422155,56.287188756763896
C5:parametric:+0.2,224.86644526307873,34.43222174815948,44.78929447549365,273.92354535507314,3.623426424720677,46.6795649067103,274.2340107143326,-4.774773217541121,47.2905167028687,269.43793993848135,-24.361204021343617,50.85999895164912,218.17425083783186,-76.54306795954528,55.87555893516971
C5:parametric:+0.5,240.3820017792293,28.661220739253594,46.35951698923035,274.41095938360706,2.871370266161696,47.72835591117768,274.5096983588188,-4.807448330007771,49.05421177271012,270.04339208147576,-24.361653770892396,52.92431338366691,219.7532062936719,-76.7431741176222,57.4645811690786
C5:cap_degradation:+0.2,190.19623657292243,45.69337233435011,46.313956658787404,272.4569323538658,5.561675694026135,47.25869503116818,273.4724369014425,-4.697412926724958,47.84040546470505,269.19198439904,-24.42762145145883,53.01906642826484,218.03262314020182,-76.85482209580806,57.49001656694999
C5:cap_degradation:+0.5,141.78704245139684,58.471528748568616,45.41058845794169,270.5738247957878,8.92981526185818,46.24122252513387,273.72520766757157,-4.475304698699727,46.60951637791298,269.1679132176932,-24.324759752049104,51.81001226293432,218.43488445510022,-76.41096731641404,57.03478353229322
R10:open,274.0531798323666,0.15646053112863312,47.100723134766795,275.0819745310331,-0.2307773316233821,49.03286503135847,274.549987675828,-4.9510734320732315,50.44376935392039,270.1336316512841,-24.545479403145805,53.34626473429859,218.54063232673772,-76.92318112663375,57.030881574138206
R10:short,0.02675902420991931,91.05672119026444,40.076847808524825,0.03234658424640482,87.06649066685142,41.63060614302788,0.028688958079025394,72.91713215268311,35.77998781157413,0.07189251779711342,64.4997277690066,45.104600586922786,0.19071224589012203,12.313330112665884,52.04797674184147
R10:parametric:-0.5,142.69401496278854,58.45876543826,48.2457152447126,271.37918842291947,8.942660730832166,49.884971468841876,274.1789163980569,-4.497889952936257,49.925515121264965,269.74205612696505,-24.29486966140911,52.476250271139136,218.73794707996817,-76.3232274094448,57.15183672300252
R10:parametric:-0.2,190.1656395297412,45.702622889804545,45.98107817012709,273.1249884076908,5.533877097122991,47.295648622437916,274.1416947149048,-4.661789157504355,48.18124767939209,269.49442375154047,-24.323366282544036,52.0680809865324,218.82367148366302,-76.48080956268794,55.72823246242061
R10:parametric:-0.1,201.33009626933466,42.21199839231338,45.433299921221646,273.0542386212089,4.913601947572692,47.119725180277115,273.6957436731001,-4.720621913978073,47.12438804766132,268.97585090283457,-24.474481387772997,52.09970311379108,218.06678287845375,-76.75454678331022,55.84691451788196
R10:parametric:-0.05,205.25312657116717,40.860919855713085,44.626775603496476,272.76784065787695,4.628718946660765,46.394671121322915,273.3406430794928,-4.723631165282542,47.68152769002393,268.40855869530617,-24.432560084660565,51.517772755851354,216.86642580223446,-76.48648312504773,55.09774017072738
R10:parametric:+0.05,215.05085166624895,37.839652435956594,45.199579989650076,273.5040840162178,4.15237094642171,47.0100313344465,274.11882731502976,-4.807209634723315,47.82996732087717,268.91381532855036,-24.720273715092755,51.56755623189704,215.72196676495986,-77.31481282435045,54.771616844854805
R10:parametric:+0.1,218.79509843742437,36.53848700828078,45.64250667665455,273.5843773777343,3.9509234314672295,47.790276962760004,274.030758081233,-4.748915093408144,48.58507680040111,269.4007680069358,-24.33499897640539,51.79875997151376,217.97445476327954,-76.88527900315665,55.583959182418184
R10:parametric:+0.2,224.93167127313168,34.30336303710528,44.67381043354014,273.58275505513575,3.623853382282391,47.5040251321307,273.93822942646204,-4.739480175045118,48.38893486805846,269.49853182522793,-24.215779000857317,52.59776574553979,218.5108846090269,-76.40504453780383,56.308248001301116
R10:parametric:+0.5,239.88694081355555,28.636855826688027,46.812401353399,274.4047156583036,2.886655603044258,48.73543432323152,274.64002502305533,-4.762736442362243,50.6095878055786,270.2159166928104,-24.27064798637543,53.34904663167577,219.1526651520888,-76.58576116141559,57.64389667908937
R11:open,3.043417614910214,39.20809634318856,45.94061579780654,3.946826993856622,4.288479903094132,47.68408783730193,3.9529035539216495,-4.840119767401532,48.40526530063214,3.902526046373933,-24.35822470317949,52.2945447853282,3.1486898301074375,-76.36165561576027,56.242356512612695
R11:short,0.029381183064293423,38.2167227991967,37.77408175140573,0.03169002124690981,8.40830251271888,38.52650352350973,0.030679870659253594,-7.277654495816192,38.19529397505152,0.0325940165791931,-30.618626864627146,40.00021412419903,0.03441321701178754,-67.6605664010024,39.5133359729996
R11:parametric:-0.5,418.69378023923605,39.18696726188912,46.976604490806416,542.5759774149124,4.40101159051561,48.07081829907658,543.8327206162699,-4.750757442011382,49.06622571237935,533.928459211608,-24.574288033963963,52.24506716729543,432.43266821492654,-77.20345187528585,55.500906214522104
R11:parametric:-0.2,262.8158236817301,39.20752645099071,46.164499178014296,340.9099334521874,4.354723247833302,48.11386002357658,341.6105816703712,-4.770461627150308,48.07935520598683,335.38131729712813,-24.569039192302352,52.04038982287079,270.38194207272136,-76.88190868384356,56.54240483922758
R11:parametric:-0.1,234.51896780119614,39.30559240934518,46.879792141251954,303.29226829806953,4.38357980355007,48.127398532099576,303.661068758343,-4.735852474273552,48.74660835181779,298.841895579783,-24.529821562981404,52.35309419740738,241.8455844261731,-76.81095105816772,56.522703867976716
R11:parametric:-0.05,222.1290612448734,39.20939123984593,46.518441986636105,287.74323510825354,4.354128116703701,48.4225265937597,288.07551560064894,-4.751896865487625,49.646425114056726,283.2791950580179,-24.489219466132788,52.23990975465702,229.14453470570868,-76.9787223121809,56.013189734434235
R11:parametric:+0.05,201.28123130595984,39.34861131147653,46.75827292339784,261.23996724046833,4.413921250396047,49.60108647282007,262.0436773715561,-4.665552348008277,50.743474865681804,257.46218424326014,-24.182233325353018,52.86027611475656,210.49651431172737,-76.43276600785292,56.39943569807335
R11:parametric:+0.1,190.20728836070901,39.399216838703325,43.69383188682272,247.82915403999192,4.413248693618763,45.63146671294459,248.26672627143,-4.754336589719091,46.79921007871148,243.95858131371332,-24.45452440791586,51.86037512103678,197.90777261711082,-76.62497929073788,56.96505678732267
R11:parametric:+0.2,176.29536679818347,39.220097820811574,46.95940526504049,228.67917789954873,4.3658468365446055,48.67077223965754,229.20734693199714,-4.716944419182008,48.960816460861736,225.2694441141523,-24.360889498582015,52.1769511856708,182.98727098044134,-76.43192851516503,54.851582541124344
R11:parametric:+0.5,141.37766847658304,39.19007898933974,44.83810505517842,183.58867542042805,4.375566750120088,46.51229295968719,183.9898294842547,-4.706472962482678,46.97473494222128,180.78435236197626,-24.27569544314057,51.731542814747584,147.09080264204016,-76.67595937810583,56.30879325200366
R12:open,0.030959059751670376,37.762741139192244,39.579906434669965,0.031498472158950304,4.545148789934625,39.36595469179715,0.027530651504195335,-4.03833229579603,39.999982343191846,0.032248781625095146,-2.638323186491526,39.97264674399424,0.02884652334477142,-28.549489405502456,40.33612777174059
R12:short,3.066572386799543,39.21983167129625,47.97087296506038,3.967144941662217,4.435799424009627,48.47289743227295,3.981874994525538,-4.686975781374641,49.17083514197488,3.9085417910660323,-24.255372703278706,53.404724955014444,3.173861120356018,-76.26018317528334,57.27211514766877
R12:parametric:-0.5,107.1410914496793,39.18065236047149,45.66420557698156,138.6064204582256,4.372239253537083,48.00306431533029,138.7201777623755,-4.71344333503882,49.75252659874114,136.30422594269862,-24.323782784747316,53.4983197679624,110.67648614235878,-76.2895878151039,56.382545188366755
R12:parametric:-0.2,169.7041269860211,39.36778467360219,48.998766554076326,219.3393116275921,4.384041126141803,49.482645594531185,219.819092920453,-4.761924662062778,49.86206605784408,215.7963303101502,-24.432885492502756,52.719516105834686,174.43715821349952,-76.74997801723664,57.4135396247052
R12:parametric:-0.1,189.3888567326042,39.45110084109675,45.21920309873875,246.49157409351102,4.423647930743408,47.680530602166975,247.0031252889459,-4.713243287476158,48.772606213061316,243.0620209509595,-24.471230263955835,52.37380779192507,196.4280280970492,-76.7690342374604,56.42982894330916
R12:parametric:-0.05,199.89378673813107,39.41980030720782,47.44822542787183,260.0696871202691,4.410479685336407,48.42193179195918,260.5322029301131,-4.713563640108301,48.89339021872733,256.12160543390223,-24.365524360341745,52.296932165284915,207.40428953203892,-77.06670603893697,55.59375789616004
R12:parametric:+0.05,221.51596942940182,39.21204616423818,46.3255856806427,287.036804029387,4.387629435334638,47.21849561249959,287.51684282737403,-4.754212059320015,48.4597622287436,282.26607968961343,-24.447589763812243,52.10641451286668,227.70631425972365,-76.73089278405432,56.28802473611093
R12:parametric:+0.1,232.04643335875568,39.28860810661823,47.18203878277816,300.2688026796566,4.3921454729920235,48.08392752292076,300.85890394777846,-4.7765893420264405,48.55678364361009,295.72014384123213,-24.487772416042308,52.214373596694855,238.36847617700346,-76.99383985820529,56.47540518627946
R12:parametric:+0.2,252.30648253993468,39.473048538612666,47.013067254892164,327.6084810262678,4.423305758245368,47.894954028206286,328.29342536962326,-4.743559202040615,48.69148361197328,323.0287060537777,-24.33083903955886,52.20568833001272,260.9453199029092,-76.50730621598535,56.49839879656438
R12:parametric:+0.5,314.70821177352093,39.27280364025569,45.47876768561977,408.05040890339706,4.390808172897495,47.789897373067284,409.0505305965373,-4.745027687157192,49.030885058239164,401.73571063463135,-24.40064391519571,52.53129879782181,325.16897655424054,-76.82126325388745,55.568963703742824
R13:open,10.707826382917023,-47.66514656766869,46.05096724875501,1.383636962157743,-85.18907757291342,47.39147787140695,0.057059629503859635,-97.77728265178618,43.04901505492822,0.03302906942764678,-125.99071120024752,40.397600147720226,0.03463965748022385,-146.68092024075395,41.06958682178679
R13:short,211.2932735069819,39.14797183015851,46.40367323812035,273.7451707364654,4.4633120697836635,49.13559862787966,274.1015842187075,-2.4794896276639444,49.94222876486512,266.07766201538107,-12.55052158111677,52.83247589320565,230.5895373419549,-32.96985646748307,56.117945060070774
R13:parametric:-0.5,210.243892945686,39.21182276672897,47.009960274209504,273.06692893821895,4.442679038100158,47.30911772674449,273.7348057200976,-3.5908059827961285,47.682003186217145,268.6375026079804,-18.408777847092438,51.67726455913784,240.65277920921278,-55.549501178572626,55.2159914914636
R13:parametric:-0.2,210.26724966179933,39.126739918721,44.185026763079385,272.50435012667975,4.404396429963249,46.61558073650009,273.20174070812186,-4.280575675897914,47.29105530922644,268.79761102489886,-21.958694101331037,51.86215996281932,229.6739972157532,-68.56681070055362,56.38291293643572
R13:parametric:-0.1,210.6856178039465,39.27964320938847,44.99556273178649,273.4385893096294,4.391553779276142,46.855721110759276,274.112762084442,-4.5430081771508295,47.868201197583744,269.336363546931,-23.40480528904126,52.761838821526055,223.35457828702005,-73.4087477749553,57.37623587421258
R13:parametric:-0.05,209.81342194665456,39.33026052808802,45.313679689032874,273.6942556671577,4.405295389847804,47.15347286552502,274.27283210941823,-4.63641361836043,48.34196728491532,268.9657133614463,-23.929685311830994,52.36393538171538,221.0965197114635,-74.83131795975618,56.41449157373344
R13:parametric:+0.05,211.27216433579815,39.444353783636586,47.047845579980155,273.96207016269364,4.3884848189925325,49.13263699098634,274.48061281039554,-4.83270583203999,49.59575068936303,269.67792954536185,-24.983122440455894,52.93259741869633,216.04934235084238,-78.5989070194878,57.51623499474708
R13:parametric:+0.1,210.08361079389886,39.256178397256804,44.78868332645792,272.7279172402581,4.372440323921856,47.46208652043396,273.3065118898488,-4.9373627300773615,48.85469146387296,268.7334379243875,-25.545030808626016,52.3833935181908,211.96496280136324,-80.24731661355814,56.803030151768574
R13:parametric:+0.2,209.57576724489724,39.367325382158185,43.267447936447944,273.37760442364765,4.388182081437054,47.730054870325795,274.0092309398833,-5.175623692067184,48.46260630555808,268.8025730033873,-26.755026190332803,51.09100809693264,203.70280767815115,-83.85526491147456,54.48534338074596
R13:parametric:+0.5,211.87719053082049,39.2094584577324,46.735687571842476,273.93032123640796,4.349630996031655,48.56956888503438,274.5291696248902,-5.857927265233702,50.08445712018747,267.29213709788814,-30.404669388004834,52.818824703864195,180.6891548610377,-92.41325713767355,56.758342003352034
R14:open,10.747169873869353,-47.806146226529506,46.7562584035866,1.3720699291777438,-85.02110678701274,48.11271669715719,0.06275913497739932,-100.57274051397664,39.95226096492216,0.03208297016980076,-113.17230593885265,38.820807950960784,0.03464004482853903,-156.76841739258694,42.286571899411044
R14:short,208.81718111509633,39.33828111220271,44.3372809690726,272.6601788437864,4.458602121701928,45.63220463726252,273.1368530038743,-2.533460597506028,46.62185470330886,265.0810336091208,-12.77272300596413,50.811773898252866,229.19476391662386,-33.397045715076416,55.70835596107082
R14:parametric:-0.5,210.54698280423113,39.4203468146056,46.97005729334272,272.8619030987377,4.459535258260939,48.589529764455584,273.4429179205567,-3.579403337449521,49.10529036845226,268.45288902912307,-18.342486259079276,52.43026828996639,240.24649652753763,-55.47089107091436,56.10957015726798
R14:parametric:-0.2,211.76516493258043,39.27304923378807,47.780431148502586,273.69804517994464,4.433598024804349,48.39339970837625,274.2347722627661,-4.271577954958513,48.7397580953205,269.5800395883641,-22.06312483379425,52.418506895896144,230.39610834398374,-68.93600707174957,56.68808435925516
R14:parametric:-0.1,210.1443439152161,39.30563377404291,42.6073520472805,272.6164452202024,4.387611711439343,46.3450233455643,273.1539727543201,-4.550114535455463,47.274081432726064,268.27573934436987,-23.26216467909323,51.10188388448509,223.63383779240502,-72.91810699281115,56.232149005906166
R14:parametric:-0.05,211.3046518781165,39.25224564528238,48.910871263067044,273.9467082931483,4.397496528693428,50.54638599237765,274.4698864576088,-4.6093679338761655,51.921295177242726,269.85041899385203,-23.704653879195128,53.853526839830835,222.2008045141506,-74.6145127938938,57.93105451599122
R14:parametric:+0.05,211.3682068588834,39.28771935299841,45.74841998422211,273.584943025289,4.391998843926865,46.01430018869739,274.3222033064468,-4.852977939556718,46.90932522984226,269.63954477108484,-25.111104271978206,52.06413126698179,214.67260806174738,-78.87119094631845,55.656412272114316
R14:parametric:+0.1,210.99608299402013,39.34808938313691,45.91025656286669,273.0490685692532,4.3872404534216844,48.25217604249091,273.7314203195306,-4.967990560407774,48.33923411041766,268.4251680617157,-25.674731253174713,52.71315809230659,211.14024687451115,-80.50895845826356,56.46671310158317
R14:parametric:+0.2,210.638247499428,39.328590836442885,46.490178388597386,273.4313637051498,4.372578503235719,47.317594641545035,273.906638901204,-5.200631619069522,47.793416692659804,268.2466121624419,-26.924886515389524,51.97643761908929,202.94079859991126,-84.00675990289402,56.13348245345249
R14:parametric:+0.5,209.68787702069062,39.44666471555187,44.89241690406428,272.8731168984077,4.344175617236754,46.02380639673942,273.4644403965417,-5.885042747122556,47.033244482447245,266.45721190162186,-30.564776303663585,51.891537072812085,179.98633472090847,-92.65427403900502,55.65996857038867
C6:open,210.82228931695062,39.24783825528609,45.502815233125446,273.35252115595176,4.395053696825757,47.330422778909096,272.80440040226483,-4.714394987469925,48.043936892946824,251.76844233576554,-22.86831207440386,52.28598112954893,172.44742831618834,-52.21991468133652,56.732958355489984
C6:short,1.0994160016089678,36.873949239325015,46.868515936511216,1.3840043631610346,2.9141360595303754,47.32132800178083,1.2941515501439471,-2.8299680071230164,48.530868757895675,1.279979387025559,-4.0680880331838924,52.732773345652376,1.2759766097212268,-4.835027480793519,53.83307494313472
C6:parametric:-0.5,209.9056336488041,39.178526640656806,44.13639854451284,272.71435628807217,4.38497617193085,45.715573180538634,273.03978830437546,-4.754228413749713,46.82415443307336,260.0892334145607,-23.64678957071733,51.69152521083768,196.28729110506595,-63.12210030982831,55.15592827402277
C6:parametric:-0.2,210.50254397721915,39.429153312177405,47.18407737852095,272.6637948029966,4.4268992473324005,47.876352371018385,273.12864206344494,-4.726343276989838,48.844241750671486,265.21999260036057,-24.04706999993283,52.86049885433031,210.41638966717164,-70.62091887301035,56.89096886907292
C6:parametric:-0.1,210.43700708250952,39.257431068877466,45.624040100410184,272.9375546992726,4.373634482381434,47.87438087669916,273.52877098513295,-4.792526739006819,47.84853996038095,266.7581044677776,-24.44516547630137,51.4528430104945,212.79711615637285,-74.00453773413585,54.95404702010719
C6:parametric:-0.05,211.5289932413467,39.31912351854929,48.043141492049294,273.7256980400597,4.379978782783846,49.24188573740594,274.29304357136,-4.72433023672448,50.65704488928223,268.8379446415979,-24.297148761789963,53.57509111506103,216.8481145841381,-75.20458672652582,56.75171385751517
C6:parametric:+0.05,212.08585253667894,39.35527068322158,46.5468988359234,274.2794361462895,4.425297095637392,47.60931060047144,274.9441827101215,-4.696503083187308,49.34069977864916,270.7163839241091,-24.374361980701487,53.576686071492986,220.40019323433285,-78.20974073009072,58.445129922000966
C6:parametric:+0.1,211.39384135768006,39.19338646296244,46.626183310459595,273.57277044123134,4.366191169975664,47.67523729783922,274.1582890759968,-4.665373230495545,49.475067262913925,271.8758467166632,-24.400161879733396,53.059607159059894,222.61601719948445,-79.77378878206423,56.32643669279118
C6:parametric:+0.2,211.75556980966974,39.20588637461434,48.466099101985094,274.1782562816985,4.39224833783627,49.60626103961755,275.0553236788397,-4.680636842506766,50.90216787010739,273.7197350207182,-24.592083893425787,53.86777432037954,224.7916519475271,-82.61991631797775,57.43071805406751
C6:parametric:+0.5,211.40841895572282,39.45343567778156,47.33679308684968,273.8846455949199,4.4406026103492415,49.078921758332285,274.8674824565462,-4.72149158341181,51.293730188580696,279.2334141121247,-25.253640772933903,53.962049406016675,226.74884569436028,-92.14743552868063,58.3929961117598
C6:cap_degradation:+0.2,209.39768049933986,39.03958061609461,41.22194356796315,270.9227878697739,4.3351406366978695,45.01900779714169,271.8871922281553,-4.788140697642508,45.75133508702675,264.25744720303123,-24.253926841315028,51.78049041887006,209.02811026331062,-71.35347490823013,56.40780121707424
C6:cap_degradation:+0.5,211.10178169903284,39.4787865831024,45.91628799672658,273.9431834662819,4.436910107231098,48.66150994050968,274.1757067727374,-4.71494630493288,50.19886271641734,261.19429602011076,-23.67847726218207,52.95072822449836,197.1428291910737,-63.15886780857722,57.373738630982345
C7:open,210.20411211066357,39.645680456159,45.42810699072841,273.5586226729535,4.657222619205136,48.13625135166981,273.96563952965073,-0.2596837365106788,48.85230770659506,270.8513802453833,-1.5796418268936874,52.64706548648937,266.85967360555145,-2.6873806145589563,56.82063383985205
C7:short,0.029237071743844247,127.63128960583376,39.35130079822096,0.030410413503751316,98.15348395830716,39.40888661226547,0.052774503031973674,83.24658168842726,40.41962586678795,0.23237931541130352,75.07645510876732,51.0025140101792,0.6423548757164641,56.953104037818434,56.32376936405213
C7:parametric:-0.5,210.64470365439234,39.41057650066254,46.303113261261586,273.67714550639755,4.521487011846718,49.32918033386119,274.55871411026544,-2.4744637236239706,49.79549941669006,276.1145219537377,-12.980013260751885,54.402431753438236,299.63130741415284,-44.008808801990995,58.115816911231626
C7:parametric:-0.2,211.67065042882768,39.23490814346586,47.78452640141271,273.8323361918326,4.429556416937531,48.7274615325709,274.531411468815,-3.8513065393844954,49.335078482581125,272.86277604697864,-19.93250429000263,52.93301764168165,254.082656532479,-66.35318958709149,56.37691560462241
C7:parametric:-0.1,211.3890884464465,39.14085874454044,47.10142167427934,273.6984579800463,4.384850304541999,48.56760401716352,274.2391293869739,-4.266596618082318,49.08949046084011,271.38471854679824,-22.1670101979524,51.59876226916984,235.82019751847483,-71.81120187513797,55.7020898904022
C7:parametric:-0.05,211.7377039546734,39.390251792078764,47.02868538846389,274.01359691746427,4.414311767340951,47.65561954311073,274.6627504109847,-4.501704068121081,48.110979147215424,270.8654516984539,-23.297342160076873,51.88677852885621,226.78130889634832,-74.36914113190815,56.64359299869587
C7:parametric:+0.05,210.29656800718035,39.346555165045416,47.04260422738164,273.1192590091688,4.3646067084017375,48.35775245757184,273.4875421198201,-4.9756650569433685,49.055638468491374,268.33714838732146,-25.700525165318673,52.21228882456946,208.37338467806774,-79.12124946813427,55.28854266478401
C7:parametric:+0.1,211.1323560235639,39.250912251068144,46.25481057337005,273.3661503752063,4.361089519363109,48.14452696955095,273.92496405372333,-5.202679997444815,48.86985484795197,266.8984155563164,-26.715798395403098,51.318512040496714,200.7229371708092,-80.96660744423848,55.3068775309193
C7:parametric:+0.2,210.3866121717327,39.5200631584832,45.60283655831781,273.1244481332484,4.378434177346246,46.679035286874225,273.5617328738532,-5.617722720356365,46.88019814140277,263.58414657907576,-28.757642778310746,51.221805568278825,186.46846089909823,-84.31201787457687,54.93737954494371
C7:parametric:+0.5,210.8692705275399,39.26809307798076,45.67924736784924,273.68717970591035,4.283194596172358,47.04963758468737,273.5612422099873,-6.963812637646038,47.6595025182157,254.636315588954,-35.14393319403761,52.09713612556142,151.17369769480274,-92.5891995774046,56.1757872097187
C7:cap_degradation:+0.2,211.05450628058483,39.379975920719296,47.32127865105926,272.99183972928995,4.485635638782307,49.03517016205207,273.6936346763987,-3.7972758626601166,49.99797384040758,272.6578794987756,-19.73418025475245,53.031122900826205,254.6371356084171,-65.81713895438492,57.47172298477673
C7:cap_degradation:+0.5,211.06439750448124,39.10804280554133,45.23984068719297,273.0494930188155,4.475585426634398,46.52818691234654,273.7599194550595,-2.474116951259022,48.69459590647223,275.84991444553896,-12.855219632884669,52.999228492650964,300.9526186083782,-43.87912216845686,57.12121931157428
R15:open,0.04146833354983889,27.109984314003007,44.381749591069735,0.04422616755159871,1.8427829216245328,42.235688255127044,0.04594629539734689,-3.8110458230827837,42.015222183885626,0.039204987215822246,-23.35795122663491,41.37989655402447,0.03754135040492683,-12.960033373343101,40.194254341871684
R15:short,0.039184402696151095,28.177837151536558,42.334248427217915,0.036947754246035726,-12.30213364999911,41.011537663355696,0.03729462553925671,-4.403542398832383,40.743758431111075,0.041059464020090426,-22.845315339042102,42.33372634451882,0.03739932685595867,-31.43517324857069,41.80652737745582
R15:parametric:-0.5,211.13112038391972,39.43822129705403,45.499706432931944,273.96175791757696,4.395447113574786,47.808734136344796,274.4741675410788,-4.705935409991836,48.5354355203031,269.54813965726294,-24.272534425262187,52.6022363601862,218.92452885794384,-76.49784897696583,56.775290300779616
R15:parametric:-0.2,210.03751119994092,39.301678961173295,44.4051798895281,273.11839480387346,4.403408222188958,47.65062576582218,273.66346482793904,-4.71051106233752,48.841222791043435,268.8946950937259,-24.343733757127183,52.247401251468375,217.53956557749376,-76.85125633932165,56.74278330056676
R15:parametric:-0.1,211.6203086840308,39.19060049828651,46.876889934274736,273.64731571140726,4.37422588588904,48.029747066838716,274.12632837979584,-4.774354063575268,48.85137310140557,269.0711557592611,-24.670550220704044,52.598722456815366,216.1523867021495,-76.9389429876129,55.52008488142859
R15:parametric:-0.05,211.93747657078245,39.3588873403143,48.184905333023615,273.95406303151526,4.438991614016723,49.40797740005914,274.4613854666568,-4.740155294177329,50.326104069397786,269.6268498980951,-24.413396872670404,53.682445397295275,218.67277534706068,-76.91945344590539,57.69490193187422
R15:parametric:+0.05,210.80913434591008,39.38526745467911,46.78274046025288,273.22263840661867,4.425094423143868,49.90831221936864,273.8431949210766,-4.754695465505502,50.261944055575185,268.99634053539364,-24.604068970790898,52.08138147390857,217.54740432294477,-76.90658024779566,56.61432091665469
R15:parametric:+0.1,210.53834812532367,39.22628732763869,45.594491716074,273.7486470852325,4.3833534576826345,48.69490784772677,274.250619877589,-4.743516721723683,49.6123140893729,269.4480842528527,-24.40825194193259,52.570810904262345,218.11432706782324,-76.57214941995409,57.09393593904158
R15:parametric:+0.2,210.4105833493715,39.42718746497805,46.63048338536696,273.221280861639,4.402978213699523,48.57311450242342,273.7193692451457,-4.746253067078963,49.07091057881803,269.3196813970251,-24.49087758575412,51.869494627731264,218.1722965247733,-77.09981601012899,56.04173358814667
R15:parametric:+0.5,210.71241588163087,39.32312412312443,45.50014441003316,273.1928079812659,4.406689146729506,46.33719741937131,273.5431132887504,-4.7053545165508925,47.38701481369114,268.80684957956936,-24.359551232360854,51.12954409880052,217.63151973986402,-76.93145565905627,55.61236572948145
R16:open,0.03991504713971093,35.373615294012694,42.53114061466522,0.04242669631986616,-9.31156615875805,44.23159077869079,0.04573490689718774,-4.457236257565542,45.68118034826364,0.043211203500092846,-22.79264175234767,45.06385948045745,0.04204232175105176,7.433272194223941,44.758226293172925
R16:short,0.039712927751587135,24.564055127724554,42.57701232008516,0.04686135223436008,-9.888562613718577,43.49974787217388,0.03754558468801043,-6.565363693621343,41.67833637070362,0.03878306922753759,-23.921274427419874,40.87682385874621,0.042191666288415454,-33.98428387728363,43.825698650878856
R16:parametric:-0.5,210.6685599454148,39.371595454206066,45.905179339686946,273.4628867355233,4.38819275079431,46.975071843781414,273.97514658620094,-4.7798379119768235,47.887476317660486,268.9427058752311,-24.58513069404689,52.33089662078713,217.8898222487062,-77.03665862960901,56.674222220786106
R16:parametric:-0.2,210.90838150535927,39.419015034398996,46.18690815536873,273.4968878226102,4.396433534031814,48.075247013963946,274.0432922957045,-4.747804640889889,48.49758396952651,269.89066291982067,-24.472309287590875,52.777055708392595,218.01755322054385,-76.76590506866833,56.40088266273946
R16:parametric:-0.1,211.73026362212477,39.19097871481836,47.23353610495074,273.88661608361906,4.372355924211709,49.116568985065356,274.42829413397317,-4.7372357195763515,49.70924422752813,270.07599070808357,-24.52888405760389,52.40151622774307,218.12547629067558,-76.64953722100033,55.9319203775337
R16:parametric:-0.05,210.76118038274103,39.26070434768046,45.37526810211812,272.81152283580747,4.359390085954402,48.20109166780429,273.3718511340355,-4.744794843026346,49.38370024840649,268.6357900584055,-24.400233423109533,52.27374853867252,217.55559008336212,-76.77325083802953,57.97427115874939
R16:parametric:+0.05,211.65133494862866,39.28902420516788,47.43671695480093,274.20370026231177,4.37070566891347,49.0117479162525,274.7012556801631,-4.770338605900012,49.600778667977025,269.40904005841765,-24.57818221994436,53.10465359479174,216.76419731475278,-76.89778217751108,56.79055046875164
R16:parametric:+0.1,210.52744828492624,39.1383983482166,46.54698509537341,273.56051480677775,4.393410303671727,47.730724110607774,274.02847444003817,-4.704866502333912,49.10757736226847,269.82930695873483,-24.278152566695717,52.142019281172665,219.0688774281178,-76.59163187335622,56.53343856265364
R16:parametric:+0.2,211.68902050141622,39.1280493147178,46.914698863711365,273.77381971467935,4.359070149859413,48.286218786403786,274.1885033643538,-4.756567850981789,48.8652246138464,269.52457860749,-24.47398175049747,52.3618686230718,217.98590417676024,-76.69185264524458,55.84857336897426
R16:parametric:+0.5,210.0598942333528,39.28594439323974,44.96194366688391,272.70767948177956,4.3737384023822425,47.078247884299884,273.3169257165381,-4.778203771477103,48.20221311562154,268.6669249242977,-24.52287623067876,51.78403202231846,216.80544086838904,-76.82352613973273,55.77021888119794
C8:open,211.89753982838107,39.37916580776256,48.224414712561966,273.9127035535741,4.410204225112059,48.518386455792196,274.2215394346771,-4.725410883760268,48.936349129012356,269.20675097176525,-24.4011087980295,51.64828720526442,219.21207399353054,-76.60219107595984,56.77174991986709
C8:short,0.045662672964966955,35.07979380368236,44.35577373163015,0.041122054349110745,1.4202629573664813,42.12875748051325,0.04312133991494615,-4.2039777335286965,42.04261659857234,0.047211019617601976,-22.405581318505718,42.02192926488227,0.04729225538175165,4.64901943312497,42.31190745716873
C8:parametric:-0.5,209.80291373548312,39.37304411302004,45.34834576227862,272.68989117781524,4.423569244628446,46.63808870625943,273.1718405634018,-4.7067762414665335,47.84212193300115,268.97705515654513,-24.197878694818172,52.469807575395905,219.17037023387093,-76.71713470807393,56.13245517686549
C8:parametric:-0.2,211.1205517240233,39.13726906110844,47.25708662654175,273.2337767988054,4.366761925863369,48.230184360634595,273.84444714449324,-4.736591042515106,48.91144258910127,269.20482797954855,-24.41775216403571,52.460016430893745,218.21718609395379,-76.72257541752136,56.64174780076071
C8:parametric:-0.1,210.64098511707567,39.28302134550181,47.02232713496069,273.33556092802775,4.376265334174105,47.78891515396013,273.91015471550975,-4.748339201437895,48.34512119712901,269.2731325999823,-24.44183833808786,52.73364693855139,217.5177408179186,-76.76617340143387,57.345629649222545
C8:parametric:-0.05,211.22537437400473,39.32186262174534,46.70120002260981,273.3704769989631,4.415971130220278,48.63069753978597,273.9023321872243,-4.750087703300196,48.841141753267294,269.67509242400513,-24.445435331091364,52.17713434767316,217.6720813950078,-76.89236080085294,56.49308611201573
C8:parametric:+0.05,210.59203834494434,39.264188982601084,45.30123791009177,273.3365059913567,4.407089017505649,47.372827871904434,273.9007396353651,-4.733490797292468,48.79219001040519,269.0012164382571,-24.396260912476002,51.93983779613919,218.09096677042595,-76.8819274759552,55.28856988065546
C8:parametric:+0.1,210.7624166459339,39.1137820114953,46.24880450905847,273.16614746164856,4.364888114809251,48.406338421696,273.59790921604053,-4.694327573912543,48.92879842964004,268.7914373003409,-24.349924490263483,52.27045129855034,218.2849696579251,-76.56046715171918,55.31865609162369
C8:parametric:+0.2,211.11543010814526,39.1030229895228,46.24010663727902,273.55393294597536,4.349786283668648,47.51430908492864,274.08735050636517,-4.7343766516095585,47.81697427747448,269.2125912506116,-24.40343703380662,51.372579340728166,217.72765573014914,-76.77452645071571,55.42790532685669
C8:parametric:+0.5,210.9733516128005,39.21940141151484,47.478936857797876,272.96384045326084,4.377422680241058,47.72729820014206,273.5018160378494,-4.772096196103706,48.52102792351933,268.51798671437723,-24.575547228367224,51.80539610672167,216.45391376270558,-76.89814715504437,56.113192208704525
C8:cap_degradation:+0.2,211.17102787294556,39.28144828438806,47.04034348418777,273.37284710862446,4.387101429251356,47.524522215069254,273.8057818412093,-4.7440471240556175,48.64234992617679,269.2357434319874,-24.31414083277228,52.61121781002778,218.92483775089198,-76.43677063343635,57.42776118974231
C8:cap_degradation:+0.5,210.42323936165428,39.282653120128565,45.23004635374605,273.1386305680805,4.400231044732006,46.269253925565366,273.6541666641107,-4.72284799593908,47.25719533220994,269.2569288311448,-24.41156009064487,51.63158099277995,217.02332234604688,-76.5946472202815,55.929778133032116
U2:opamp_vos:+0.02,211.78188159144895,39.12810200054993,48.918447358066345,273.2105132330779,4.337073216550781,49.06378977264322,273.7136241277901,-4.75557434164055,49.6040702159531,268.6810136798915,-24.591552484540486,51.83119904190272,217.92458278069523,-76.75020553106997,54.92186472565946
U2:opamp_vos:+0.05,211.0932860537751,39.308630655803995,47.644873430300876,273.8913964850648,4.414396514546495,49.62947513115871,274.4904087380562,-4.700330599637057,50.449218501886406,269.9327180632147,-24.311920357283363,53.53985189947231,218.74702678458408,-76.55467612789245,56.76066973164994
U2:opamp_aol:+0.01,210.98429360426172,39.22516020002335,45.0034846427129,273.2747409716028,4.375210635647385,48.86382012269645,273.78551671751507,-4.761227950565848,49.21944369165391,268.90652982931914,-24.62461160169552,52.424835853999184,217.31592139277865,-77.058182318593,55.622273806064406
U2:opamp_aol:+0.001,211.22137520478722,39.017973148390055,46.813706909274686,273.70766082738794,4.372875442014742,48.36633827966576,274.34530332832674,-4.730173295638406,49.49654566927962,269.497733561265,-24.49637240172308,52.657898173694406,217.55153401487678,-76.81942016014341,55.944642468742295
U3:opamp_vos:+0.02,210.72137293708863,39.260858051265444,45.87794714664604,273.17104919237056,4.39370322119793,47.44022812625233,273.7648847876654,-4.718240658933289,48.19740638362042,269.2241369855909,-24.411620518981124,52.522848948553616,218.5773688395659,-76.48934081825817,55.11851448610646
U3:opamp_vos:+0.05,211.52288394071957,39.34385471829651,46.98957682691819,274.00235962135264,4.4101732734063495,49.000962020418875,274.72090137562134,-4.684010230195158,50.24125817547291,270.02465162340906,-24.334749620677925,52.13493645687971,219.07955660510635,-76.54535144692123,56.083867282648626
U3:opamp_aol:+0.01,210.48001547194312,39.26139710049593,46.97656038980149,272.84753390317087,4.388755421682593,48.27331995120277,273.06863214269714,-4.727924134281178,48.767303094225355,268.35156954299487,-24.382782600741315,51.636215625280485,218.22603108849944,-76.76116713278412,55.86044285948978
U3:opamp_aol:+0.001,211.54741896014798,39.19594303580155,46.378144668278225,274.16882402030393,4.381211122881892,48.45351662865893,274.69263596018345,-4.730396086068483,50.00334827714936,269.7184848363956,-24.497412904056453,53.49313485245544,217.93267242250414,-76.93629031947329,56.501442758385366
U4:opamp_vos:+0.02,211.34290640480776,39.43167417591155,47.57810431364807,274.0945407942365,4.445234365426444,49.32649439628834,274.88826915968104,-4.7047328351492235,51.005871086275405,270.4896286016552,-24.39677340541293,53.76373290256905,219.0990600559315,-76.45441950377293,57.973113394871575
U4:opamp_vos:+0.05,0.024618921969066898,37.56108857336636,37.6634187570058,0.03140564218318778,11.475252589608258,39.665060307781374,0.03366094240797242,-13.006535563978847,38.04992314407147,0.02805689559097381,-27.747147870986005,39.43376509959701,0.02873481268723915,-76.84581508780028,38.774270851645625
U4:opamp_aol:+0.01,210.22503905525946,39.13351558355987,47.17604640100514,271.8356541990531,4.396137100775414,49.3982689234806,272.3694366850218,-4.740367462992045,49.68390246579233,267.9122113550511,-24.475844205830633,53.443978456527454,216.23908154286045,-76.69612351290878,58.40117766289829
U4:opamp_aol:+0.001,195.52126424700623,39.175769629423165,44.309225536320156,253.13683980353298,4.408655729885636,46.98217019375653,253.96728614213976,-4.7100231902035326,48.419898338582364,250.06096706261275,-24.345719729662157,52.31591755247083,203.05022703297877,-76.81989674675872,57.18342662431766
U5:opamp_vos:+0.02,210.3921072667817,39.29190061362361,44.48249381937498,273.07220435481315,4.333048774762116,46.78763009403468,273.5932347158041,-4.785556326561608,47.37758395669111,268.72539671728964,-24.694663041314726,51.96996164349983,216.21031731662106,-77.24115493716761,56.12074298109286
U5:opamp_vos:+0.05,211.26188644165285,39.24574939943553,47.18615597741866,273.73673276646275,4.3980957826940745,49.33077531043189,274.1854085417735,-4.723498298427145,49.91389757895987,269.2051663870011,-24.38092061692077,53.814437866887744,218.95909759845193,-76.6818292796377,57.889265336137576
U5:opamp_aol:+0.01,211.57128238409325,39.25506563725804,46.70603183182259,273.7933667755562,4.388945669964414,47.87683973665475,274.49880127046555,-4.7297320868423585,49.52192880812658,269.8081800850356,-24.4248941209535,52.69624701745138,217.9007997977062,-77.01643399897165,56.23911010600888
U5:opamp_aol:+0.001,210.28726648620017,39.11268564106675,45.88336849728671,272.67809980327263,4.3611637285714995,47.38905074894514,273.1885053223253,-4.6992694454266015,49.30625326585117,268.66609129363775,-24.412917285254604,52.676995114626365,217.80211783266316,-76.60121553200443,56.84667888713319
U6:opamp_vos:+0.02,210.75011094151074,39.18609750780241,46.66564786317815,273.65447930420737,4.395412698403869,48.725516107766126,274.20280924865347,-4.799607640249437,48.86087754412474,269.0091322442721,-24.726981490558003,52.015683236594114,216.3909734940636,-77.16849026898885,55.54348742518235
U6:opamp_vos:+0.05,210.60688416683888,39.299166828227335,45.84019884780231,273.59309507775623,4.390047079536032,48.96441172100622,274.15282686787987,-4.758739480881175,49.54210600485746,269.43273351421647,-24.605062725141696,52.402628146271795,216.20665607632606,-77.01619028517803,57.60850831630904
U6:opamp_aol:+0.01,211.96214467888234,38.99348291963142,47.47094684873851,273.9676970462391,4.364407578986748,48.14491892771293,274.31009377756743,-4.755400309962889,48.86398297235266,269.64226194902,-24.51147639229451,52.408419202608385,218.0075984564767,-76.92291197712711,56.72393423808859
U6:opamp_aol:+0.001,211.0242723428651,39.31695638146008,45.74756046166593,274.0122457998244,4.396625727717712,47.58789871459378,274.39976124405564,-4.7401200599980005,48.47253821297738,269.5127578635112,-24.445173954771874,52.757166188646984,218.10257377021287,-76.81557655220045,55.81403902311143
U1:ina_vos:+0.005,210.81126967877987,39.13718999290133,44.17458860987912,273.4778643972319,4.369680932764023,46.95453937684058,274.1306904072512,-4.71639710261197,47.72510022663231,269.6798133256164,-24.43629099131057,51.54298989251353,218.6113333548704,-76.79806768890683,55.01194963658699
U1:ina_vos:+0.02,211.1708142451585,39.27308100433878,46.363942864530685,273.4204153847031,4.376979538808001,48.32320429466944,274.1757543303594,-4.733694641943723,48.956972805523336,269.85320280770463,-24.350299452372447,51.70270156715138,218.1194709656341,-76.30475344077884,55.88335995833357
U1:ina_cmrr:+70,211.13374148234053,39.32157569606333,46.020598849112375,274.2136580111594,4.379731744377552,47.44870821865848,274.765978933841,-4.7798768524474795,48.15549275519447,269.73832771106817,-24.702801683694066,51.29333253467195,216.4255566408961,-77.11159545933373,55.11354068025743
U1:ina_cmrr:+50,210.8021387780157,39.25434336837054,43.566972876010865,274.0893772801291,4.405579434867365,46.01671435273881,274.64665586174544,-4.733202667617519,47.0448719616315,269.3710886904387,-24.394848761709223,48.59731537889555,217.99909610320344,-76.84124559556304,49.204055554268905
U1:ina_gain:-0.05,203.7740755325285,39.152590836823094,47.332345935853,263.5638200144335,4.395722984808726,48.526903212031385,264.0823128259965,-4.719463814217616,50.136575481780454,259.70304631338047,-24.482288025079924,52.466309468619855,210.04297938064178,-76.86994293775066,56.81990409408131
U1:ina_gain:-0.2,179.025280580857,39.28733153714653,46.87056112457319,232.74798834263868,4.409928128425194,49.5023464150091,233.33721167712153,-4.677212891288095,50.95649361036685,229.56191180396775,-24.326548349798045,54.12012464617151,185.66157849534545,-76.71636667333796,57.58570940005701
la:electrode_off,4.209183378004426,38.722001750063136,-11.865482251685398,5.409812254281759,0.7756110521474378,-9.68594842115335,3.3184283229146367,-56.69975812540092,-13.931214857923333,0.8213531526129643,-103.81111643493836,-26.059001297980238,0.22513158316535753,-161.62248063729913,-37.30105682844747
ra:electrode_off,4.626108012942154,39.0301966749211,-11.045472114631046,5.943591777805788,2.282610097540629,-8.868751403382657,4.098833944735271,-25.659112168748123,-12.096272807860977,2.675371676777832,-17.816491730907103,-15.802072275220368,2.8791184862534167,-38.5644286634747,-15.16485573660369
rl:electrode_off,209.78478098469571,39.22747057369554,44.59053356090601,272.5490899752907,4.341453468191049,47.15384204886289,272.9265951289459,-4.785494636530361,51.21531214952053,268.09413925138216,-24.59078825796019,67.09854216150582,215.1293539635247,-77.1331777347857,84.05437492938997
la:electrode_high_z:+5,206.9738039318566,39.35646760115221,27.833805094953565,269.3299734187569,4.34403252097128,29.197100496653995,268.99028942713045,-5.416669074439286,29.64871697814005,256.5932296981488,-26.166034696886925,33.86826663933722,202.8611040226151,-77.90310498848481,37.69264325703291
la:electrode_high_z:+20,183.27727761330755,39.36315908425393,20.91248781983041,254.4190910961035,4.209869065364781,23.761149409823666,249.47770386566526,-8.131062422153848,23.59074231747555,212.4627006938577,-31.725512187460964,22.201257772675646,154.07120697309037,-80.6472078466963,23.303771474025023
ra:electrode_high_z:+5,206.61390483549704,39.26470185707713,26.568860361307102,269.2047878219922,4.335898955533067,28.46140791189088,268.96398115582986,-5.464585437789885,28.968208644530847,255.7324961949289,-26.263148559044115,33.40362892100828,201.3875377332291,-77.56468857698668,37.385220343572755
ra:electrode_high_z:+20,195.00999672589194,39.29013982988387,21.45160829106034,254.0810997552018,4.191092363545353,23.749757309395644,249.17955571368233,-8.070568858997651,23.580566966869636,216.13971071397833,-31.910801353234227,22.345299432979566,155.28137969943995,-78.46950807171191,23.291534126621187
rl:electrode_high_z:+5,209.76256845672805,39.297518258032476,43.73416940823871,272.4820745179824,4.406976313188767,46.68266963103744,272.8079664974064,-4.728325338407178,47.099940324545344,268.4306526478404,-24.29357629747915,52.16404670148439,217.63814547655113,-76.7178800551816,55.794523373613195
rl:electrode_high_z:+20,210.85234344939914,39.278810168370484,45.195898756738885,273.3550355698169,4.391336417183385,47.138579634257354,274.0458983907813,-4.742177227495569,48.47795068630012,268.86587375338627,-24.53131346207524,51.69224375266079,216.8737467808889,-77.04068466590884,55.57810302191701
la+ra:electrode_high_z:+5,202.41542823431962,39.442153345249096,33.12947200413879,266.14409185137583,4.310100878858722,34.51225801255585,264.7718027450519,-6.104944871367804,35.07724605492433,245.7500859074569,-27.64238982536952,38.49934133872232,190.4524082308062,-78.22317131981879,42.25279379209944
la+ra:electrode_high_z:+20,185.54837401497684,39.27597335296555,21.448940439189137,242.7022847073951,4.070105988959123,23.648181648531423,235.5462374300343,-10.495911152184707,23.443326547859037,181.9437207730118,-36.888038021068255,24.856498273352855,124.25989888296712,-83.3192383547776,28.656699347018744
