feature_set,model,accuracy,accuracy,accuracy,balanced_accuracy,balanced_accuracy,balanced_accuracy,f1_macro,f1_macro,f1_macro,top3_accuracy,top3_accuracy,top3_accuracy
,,mean,ci_low,ci_high,mean,ci_low,ci_high,mean,ci_low,ci_high,mean,ci_low,ci_high
C1,knn,0.6117179741807348,0.6022348647287179,0.6212010836327517,0.3296645998866023,0.3224274100453628,0.3369017897278418,0.33553450974498467,0.32564431251947334,0.345424706970496,0.7631027253668763,0.7596792596187517,0.7665261911150009
C1,random_forest,0.5628379123910404,0.5494688512661565,0.5762069735159243,0.3390760910784039,0.3303796154391247,0.34777256671768314,0.3442924452130733,0.3362303478244656,0.352354542601681,0.7774467615579831,0.7682043794358776,0.7866891436800886
C1,svm,0.6383096105042481,0.6351964712824945,0.6414227497260017,0.2949378436645006,0.28414014974063195,0.30573553758836924,0.2874255010977116,0.2840937979706693,0.2907572042247539,,,
C1,gradient_boosting,0.632682334767737,0.6122515613941945,0.6531131081412797,0.3321289281980185,0.3167153876946237,0.34754246870141325,0.34123930886794623,0.31754444766152357,0.3649341700743689,0.8111000772371181,0.8052662604085942,0.816933894065642
C1,mlp,0.6122696678803928,0.605674240091129,0.6188650956696566,0.2725486532647908,0.2478171816845055,0.29728012484507604,0.26109799319318383,0.24716853643963135,0.2750274499467363,0.8073485600794439,0.8037642816129236,0.8109328385459642
C1x,knn,0.5345911949685535,0.5174804510824693,0.5517019388546376,0.3639319471666745,0.3594296640491361,0.36843423028421285,0.3683428702385272,0.3577172040023533,0.3789685364747011,0.7298907646474677,0.7219608882706613,0.7378206410242741
C1x,random_forest,0.6415094339622641,0.6398648542126776,0.6431540137118507,0.3870859577875416,0.36656452175895676,0.4076073938161265,0.4020265213733394,0.3813587853656001,0.4226942573810787,0.8184927728125344,0.8159806357495774,0.8210049098754915
C1x,svm,0.6399646916032219,0.6351465126341747,0.6447828705722691,0.3029254212740849,0.2809840177713623,0.3248668247768075,0.30524805570728514,0.28604433045318733,0.32445178096138294,,,
C1x,gradient_boosting,0.6475780646585015,0.6389407585344824,0.6562153707825207,0.3753737957887098,0.3703768747428991,0.38037071683452045,0.3930130366675791,0.3832122746910407,0.4028137986441175,0.8294163080657618,0.8170728267711038,0.8417597893604198
C1x,mlp,0.6278274302107469,0.5897674581419589,0.665887402279535,0.3029754466882812,0.23632913397622862,0.36962175940033376,0.28811603198547886,0.20899003469777233,0.3672420292731854,0.8184927728125345,0.7797810515759013,0.8572044940491678
C2,knn,0.814851594394792,0.8014572688798932,0.8282459199096909,0.7225754294151515,0.6976215108776107,0.7475293479526923,0.7015761319743928,0.6799100631498757,0.72324220079891,0.9328037073816619,0.9199591289254516,0.9456482858378721
C2,random_forest,0.873772481518261,0.8655358893407801,0.882009073695742,0.7470810086141867,0.7250258920178263,0.7691361252105471,0.7611522929940812,0.7406972658598349,0.7816073201283275,0.9752841222553239,0.9705366294496862,0.9800316150609616
C2,svm,0.7911287653095002,0.7875444868429798,0.7947130437760205,0.7161295781464819,0.6946633264778069,0.7375958298151569,0.7016442695204698,0.6982873783070828,0.7050011607338568,,,
C2,gradient_boosting,0.8706829968001765,0.8680397046745744,0.8733262889257786,0.7545081730604227,0.7481581987568592,0.7608581473639863,0.7713398230327586,0.7636579759547819,0.7790216701107353,0.974180734856008,0.9668720625814556,0.9814894071305603
C2,mlp,0.8542425245503695,0.8451476367149828,0.8633374123857562,0.7027938203539158,0.6606653843080457,0.7449222563997859,0.6962868524819821,0.6574281695390315,0.7351455354249327,0.9639192320423701,0.9617436575280608,0.9660948065566793
C3,knn,0.7702747434624296,0.757351443665849,0.7831980432590103,0.5760581429306905,0.5519109071861013,0.6002053786752797,0.574226604542133,0.5453184756613528,0.6031347334229132,0.8974953106035528,0.8905018169967143,0.9044888042103914
C3,random_forest,0.8930817610062892,0.8893135554118534,0.896849966600725,0.745242171015818,0.7401904421139344,0.7502938999177017,0.7526042324916955,0.744182021723713,0.761026443259678,0.9894074809665674,0.982676748260646,0.9961382136724888
C3,svm,0.7104711464195078,0.7084017622820117,0.712540530557004,0.3979361217128976,0.3889070978331392,0.406965145592656,0.38904626740832143,0.3866795540879396,0.3914129807287033,,,
C3,gradient_boosting,0.8814961933134723,0.8720130838614555,0.8909793027654891,0.735919535823894,0.7037200298562668,0.7681190417915212,0.743191133732024,0.7115649064486288,0.7748173610154191,0.987862738607525,0.979626146430044,0.9960993307850061
C3,mlp,0.6586119386516606,0.5143607935384928,0.8028630837648283,0.3155894682707873,0.15620086043494077,0.4749780761066339,0.3134901470234758,0.14568655771665648,0.48129373633029504,0.862738607525102,0.7866142221013374,0.9388629929488667
C4,knn,0.5003861855897606,0.48637504816434934,0.5143973230151717,0.23930279157598378,0.22639505481512545,0.2522105283368421,0.24560455747321486,0.22971685382823587,0.26149226111819385,0.7328699106256207,0.7179096575782941,0.7478301636729473
C4,random_forest,0.4611055941741145,0.449505768011654,0.47270542033657503,0.23462728387605317,0.22189526107590343,0.2473593066762029,0.23913051494657545,0.2213298887068034,0.25693114118634747,0.7188568906543088,0.6930845191379063,0.7446292621707113
C4,svm,0.4790908087829637,0.4759776695612102,0.48220394800471716,0.16302216538789427,0.15065736313379102,0.17538696764199752,0.11715416261632487,0.1029502685637287,0.13135805666892103,,,
C4,gradient_boosting,0.5003861855897606,0.49706294062581424,0.5037094305537069,0.23596185031442604,0.21206492698191967,0.2598587736469324,0.24380055981279788,0.2159287121802844,0.2716724074453114,0.7463312368972747,0.7236274972674639,0.7690349765270854
C4,mlp,0.46717422487035193,0.4662247263092244,0.46812372343147945,0.11761826610232932,0.11749438102186088,0.11774215118279777,0.07856293584778624,0.07768405533305452,0.07944181636251797,0.6839898488359263,0.6438545772280013,0.7241251204438512
C1+C2+C3+C4,knn,0.9186803486704181,0.9088014560817527,0.9285592412590836,0.847017970781543,0.8339858215563114,0.8600501200067745,0.8553545598858809,0.84610089418026,0.8646082255915019,0.9838905439699879,0.981516797567169,0.9862642903728067
C1+C2+C3+C4,random_forest,0.9581816175659275,0.952959375479726,0.9634038596521289,0.8785178886542812,0.857531257650278,0.8995045196582843,0.8800936416856167,0.8511284142238854,0.9090588691473479,0.9998896612600684,0.9994149119795046,1.0003644105406322
C1+C2+C3+C4,svm,0.9428445327154363,0.9286893592518973,0.9569997061789753,0.8681472640590275,0.8344669058728371,0.901827622245218,0.8682924866586342,0.839971854086881,0.8966131192303874,,,
C1+C2+C3+C4,gradient_boosting,0.9535473904888007,0.9428155362514723,0.964279244726129,0.8830594603871883,0.8570893423215372,0.9090295784528394,0.8867117880380598,0.8546997423071672,0.9187238337689525,0.9996689837802052,0.998846693905412,1.0004912736549985
C1+C2+C3+C4,mlp,0.9451616462539998,0.9356311209591109,0.9546921715488886,0.8415731534152359,0.8272337173324961,0.8559125894979757,0.8372178555450444,0.8199015076196803,0.8545342034704084,0.999448306300342,0.9984988077392145,1.0003978048614695
