,R1,R2,R3,R4,C1,C2,R5,R6,R7,R8,R9,R10,R11,R12,R13,R14,C3,R15,C4,R16,R17,R18,R19,R20,C5,C6
dc_out,0.0,0.0,0.0,0.0,0.0,0.0,0.0,0.0,0.0,0.0,0.0,0.0,0.0,0.0,0.0,0.0,0.0,0.0,0.0,0.0,0.0,0.0,0.0,0.0,0.0,0.0
dc_ina_out,-5.991701013824517e-25,5.991701107830943e-25,3.715223791244375e-24,-3.715223809251849e-24,0.0,0.0,1.3569806708070866e-33,-4.807286996134269e-33,5.7081832422078645e-33,2.909626028135237e-23,-2.909335967387328e-23,-2.909407949215524e-23,2.909408702855682e-23,7.547842036718536e-30,-6.1011845507650206e-30,-1.4482086066877583e-30,0.0,-2.7983305772047385e-33,0.0,0.0,0.0,0.0,0.0,-8.703491722130376e-33,0.0,0.0
dc_rld_out,2.9060438590288644e-26,2.906054374606361e-26,-1.06372041939808e-24,-1.0637203369682784e-24,0.0,0.0,0.0,0.0,3.851859888774472e-34,-3.7671189712214333e-31,3.851859888774472e-34,3.851859888774472e-34,-3.7671189712214333e-31,2.998856749957444e-23,2.9988567499189255e-23,-5.998161871235602e-23,0.0,1.162420479113967e-24,0.0,0.0,0.0,0.0,0.0,1.4251881588465545e-32,0.0,0.0
acd_mag_0.05,-0.0015870707203760048,-0.0015835501609728908,0.009840812358476114,0.009818980425308155,-1.862142084974039e-08,-2.0656329979829025e-08,1.4411184104678796,1.4411184104098425,-2.8825247068477893,-2.3928460779096383,2.3926075350895246,-0.7976748833629017,0.7976750899433682,2.0779188503183832e-07,1.6784539980108093e-07,-1.2192913345643319e-11,8.472511581203435e-11,-5.439915184979327e-11,1.2756073240763612,1.2756073232344534,-3.1102097512433033,3.1098996491083426,-7.793090617269627e-09,-7.810797342244769e-09,2.3430203555108164e-07,-2.499039055692265e-07
acd_ph_0.05,-9.009304484663971e-07,-8.791725640833192e-07,-1.0609339469169754e-06,-1.1810962483593812e-06,-5.551908156320451e-06,-5.539591146686007e-06,-4.502004813389249e-08,-4.502090789060276e-08,9.025291802799984e-08,4.902366228520805e-07,-4.89817878701615e-07,-4.801256636710605e-07,4.802732682662736e-07,1.2451195630092116e-10,1.0046008469544176e-10,4.263256414560601e-14,-5.684341886080802e-14,4.867217739956686e-13,-0.2806705067865529,-0.2806705065316635,3.72692777972361e-07,-3.721785120092136e-07,-0.00011160380444508178,-0.00011160272401156135,-1.0964207319830166e-09,-0.00022320554403165715
acc_mag_0.05,-7.904046398171747e-07,7.586525387203325e-07,-0.00019642096535880775,-0.00019796999192813435,-3.072699250434804e-09,3.073253351457139e-09,-1.5921169496212393e-11,3.3198288752566846e-11,-2.6652778385968465e-11,-0.0015483839929910093,-7.822439069826714e-07,-0.000775299635781837,-0.0007737509226804773,-1.2038756721334139e-11,1.7662770354666357e-11,3.0012985174728197e-12,2.8303070285383745e-11,2.8346627040878292e-11,3.1471576273910394e-09,3.1199593241950853e-09,-7.550564579343873e-09,7.549811753527856e-09,-1.8919010272516832e-17,-1.2316951362678807e-11,5.6880872328395e-16,-6.066847014929324e-16
acd_mag_0.5,-0.002041798758398272,-0.0020373129761139808,0.012659910990578283,0.012631767808443328,-2.387465684705603e-06,-2.6577179994546896e-06,1.8540407018158476,1.8540407017688665,-3.7084517772451306,-3.078465987669375,3.0781590955818388,-1.0262319183797786,1.0262321841506719,2.67282160848481e-07,2.160253131933132e-07,1.5006662579253316e-11,-2.8251179173821583e-11,-2.4783730623312294e-11,0.027168369513304924,0.027168369905183454,-4.001375202703002,4.000976247295711,-1.0028218753177498e-06,-1.0050234777736478e-06,3.0143436219987052e-05,-3.215106312381977e-05
acd_ph_0.5,-9.009290851125229e-06,-8.791721447298784e-06,-1.0608759122732181e-05,-1.1810243378818086e-05,-5.5516536809907535e-05,-5.53931252293971e-05,-4.5021224215346933e-07,-4.502143320372909e-07,9.025267599938047e-07,4.901860283457182e-06,-4.897663106628869e-06,-4.80092593413417e-06,4.802407919779483e-06,1.246504677254734e-09,1.0028591290733857e-09,-1.6675549829869851e-12,3.2458480347941077e-12,3.1437075165285933e-12,-0.0464598277241377,-0.04645982766826995,3.729023247522889e-06,-3.7238776871006962e-06,-0.0011160456198133772,-0.0011160348175298651,-2.719458880307002e-08,-0.002232054358373592
acc_mag_0.5,-1.0173852729457832e-06,9.76593091450706e-07,-0.00025269471533767573,-0.00025468710428118435,-3.956362987282648e-08,3.951702190680469e-08,4.383233013381392e-12,3.247986996506766e-11,-8.273333675123509e-12,-0.00199204351138621,-1.0063909701707452e-06,-0.0009974467364021466,-0.0009954543592236575,-2.9816051461965e-11,1.760404124014167e-11,2.7950637178479123e-11,-4.100188711864631e-11,-1.675469543353187e-11,5.233510831518879e-11,5.604742088508213e-11,-9.719000250103719e-09,9.71803122133253e-09,-2.435769553618e-15,-3.184583072608413e-11,7.321584480031641e-14,-7.80921996074949e-14
acd_mag_10,-0.0020419789354662043,-0.0020551065910296984,0.012466949947679495,0.01241687542446357,-0.0009355419075518512,-0.0010419550587243975,1.8593317204925484,1.8593317206711788,-3.719034871638968,-3.087249017319664,3.086941249744939,-1.0291627860532628,1.0291630525163669,2.68059920927044e-07,2.1657962179233436e-07,-7.44648787076585e-12,-2.248157215944957e-11,1.4495071809506044e-12,6.856090746509835e-05,6.856142334754622e-05,-4.012794272639667,4.012394178791027,-0.00043757267056321325,-0.0004384706503230973,0.012052734123471964,-0.012928659458992797
acd_ph_10,-0.0001801399409271376,-0.0001757728909099754,-0.00020728288139881812,-0.00023086026229046652,-0.0010902691570224832,-0.0010858900023889007,-9.00381404411732e-06,-9.003861578982253e-06,1.8050121885604398e-05,9.80797120444521e-05,-9.79958216218435e-05,-9.606117935279102e-05,9.609074679461926e-05,2.4875698390047774e-08,2.0104419906630255e-08,1.7053025658242404e-12,8.344436253082677e-13,-2.7773339184022916e-12,-0.0023383760522652786,-0.0023383760011710386,7.457945433086977e-05,-7.447654464654008e-05,-0.022381213513319675,-0.02238098601661509,-0.0001313158995754904,-0.044630899374876964
acc_mag_10,-1.2251456422808851e-06,1.1769097850002422e-06,-0.0002508152012365879,-0.00025263161417940147,-8.125053897294066e-07,7.609647643090633e-07,-1.0029741331875243e-11,8.740406895510179e-13,-4.41601517409712e-12,-0.0019987376163271564,-1.0097728034008657e-06,-0.0010007986178621892,-0.0009987994554692126,4.754422374342386e-12,-3.1355387741957113e-12,1.973373597708816e-12,3.443965792997294e-12,-2.4763885675585355e-13,5.09241041588678e-13,-3.8651212334347404e-13,-1.1714270495500425e-08,1.1713102529427375e-08,-1.2773753852823354e-12,-6.956110107964012e-13,3.51847062729516e-11,-3.774173462469067e-11
acd_mag_50,-0.0018653395898411418,-0.0022990168101841846,0.008899962153833485,0.008515016876970094,-0.014867944359451712,-0.016725892580268464,1.839902610835253,1.8399026164956354,-3.6801727762601786,-3.054917185865719,3.0546126450863937,-1.0184802379558278,1.0184804986666336,2.6557935939308663e-07,2.1371761249611154e-07,-6.650680006714538e-12,-5.641709321935195e-10,-1.8189894035458565e-12,2.71409874130768e-06,2.7146110141984536e-06,-3.9708635566569512,3.970467645655617,-0.031598459100848686,-0.03161831906624002,0.2743438428239813,-0.3375508601212118
acd_ph_50,-0.0008979706346821104,-0.0008741338267856946,-0.0006657744895495199,-0.0007489712102870527,-0.003932722706196046,-0.0037626086754602994,-4.502020591168332e-05,-4.502042614973334e-05,9.025281652519368e-05,0.000494413707659902,-0.0004939944682025299,-0.0004843208134648336,0.00048446886628639163,1.243979976806031e-07,1.0050023213636905e-07,-3.3217872896784684e-12,2.851230362921342e-11,-6.199485369506874e-13,-0.00046769421391168464,-0.00046769396835344423,0.0003729274384269843,-0.0003724128752367051,-0.11858178572283506,-0.11857929791688804,-0.016228599905311114,-0.22093202258498224
acc_mag_50,-3.5328014768324853e-06,3.4094188659586355e-06,-0.00020451004897044205,-0.00020291011730992972,-4.801976842716549e-06,1.9561637527240605e-06,-1.3411265936207989e-12,9.231756257830319e-13,-5.240014490565971e-14,-0.0019947961429753053,-1.0077831889832023e-06,-0.0009988250582739916,-0.000996829842593,5.656956945170537e-10,-4.610333747640437e-10,2.1114349187361102e-12,1.084677574599708e-10,7.891209154007681e-11,3.144578116473539e-14,-3.9479911179343e-13,-3.3853176986119974e-08,3.384980168877852e-08,-2.6938931874828745e-10,-2.6981824885914347e-10,2.3388893960038902e-09,-2.877754132269901e-09
acd_mag_150,-0.00025270118590015045,-0.0035151598119398386,0.0034882389814470116,0.0027488863827329624,-0.026755332884988547,-0.0324304523872172,1.508057277483573,1.508057321555242,-3.0164158548739692,-2.5032331093339053,2.5029835905008326,-0.8354860316305803,0.835486224572719,2.2057287196730613e-07,1.7032476762324222e-07,-1.3955059330328368e-11,-4.231736738802283e-09,-9.2228447101661e-11,2.472196456437814e-07,2.4763980377429107e-07,-3.2546848097626935,3.254360319415582,-1.0346085387486141,-1.03461895668093,0.5047036397227487,-2.5739558505846105
acd_ph_150,-0.002705408568452583,-0.002580091292870179,-0.0004872733630278958,-0.0005906174599488168,-0.005641618812298077,-0.004445687337309323,-0.00013506610587654677,-0.00013506622003944813,0.0002707689038601302,0.0015122343542017802,-0.0015109783533375776,-0.0014819544706483612,0.0014824004745577213,3.738738314496004e-07,3.009864428804576e-07,-7.73070496506989e-12,2.2566126745005022e-10,-3.339550858072471e-13,-0.0001559041782144277,-0.00015590344346350093,0.0011205413980945877,-0.0011189974744780784,-0.37548452535890675,-0.3754577477098877,-0.298865240843881,-0.45209836853436514
acc_mag_150,-8.468594505921245e-06,8.419594516157619e-06,-9.759465113565093e-05,-8.684399536322811e-05,-4.308135580458061e-06,8.723958919640284e-06,-2.9196494024795894e-13,5.666697274993911e-13,3.764938715471308e-14,-0.0016801810534051859,-8.488550677782092e-07,-0.0008412924343035449,-0.0008396119126222595,9.87967667662524e-09,-8.061150054198115e-09,1.2149977482716224e-11,1.8304508661342301e-09,1.7296782596950072e-09,5.923125217296293e-15,-3.4687990056302825e-13,-8.234275717232719e-08,8.23345476661966e-08,-2.6175351734530783e-08,-2.6176487402558975e-08,1.2768882912387993e-08,-6.51204752303636e-08
zlo_mag_10,40599.90487067774,40599.90483202413,1526.1362020894885,1526.136631861329,-121.28086122870445,-121.28072964772582,228067.3334898539,228067.3335117437,-456180.2270042859,-378698.5999289751,378660.84748373926,-126224.24687707052,126224.27957415581,0.03289152681827545,0.026556864380836487,-2.682209014892578e-07,0.0,1.7508864402770996e-07,8.409743811935186,8.409807045012712,-492213.0244545974,492163.9485763833,-53.67306496948004,-53.783211939036846,1478.3994176872075,-1585.8412223234773
zlo_mag_100,28875.384627990425,28875.386061666533,354.93806891702116,354.93876460939646,-2026.615020789206,-2026.6120016947389,124192.55923361331,124192.56080844998,-248409.9293638505,-206217.84564404562,206197.28793886304,-68734.58767564967,68734.60552177206,0.01881280168890953,0.013632981106638908,0.0,0.0,0.0,0.045795949175953865,0.04583052359521389,-268031.6939942315,268004.97060619295,-23881.027415327728,-23884.2808540985,51578.386878600344,-99338.38323091157
