task,repeat,step,added,n_features,time_s,validation_score,test_score
decision,0,1,cal_pulse,7,1.0,0.9296142374901325,0.932024782105784
decision,0,2,leadoff_tone_10,8,2.0,0.9552114337317201,0.9561119596496482
decision,0,3,diff_tone_150,10,3.0,0.9617672565166598,0.9626198273394152
decision,0,4,leadoff_tone_100,11,4.0,0.9672818061839541,0.9691871019200506
decision,0,5,diff_tone_0.5,13,8.0,0.9705192748152175,0.9702991194872805
decision,0,6,cm_tone_150,14,9.0,0.9703160371418128,0.9723053845148244
decision,0,7,diff_tone_0.05,16,49.0,0.9717863106884587,0.9706764111618763
decision,0,8,dc_ina_out,17,49.064,0.9723289603957862,0.9729951829119967
decision,0,16,(all measurements),27,97.192,,0.9714063381691755
decision,1,1,cal_pulse,7,1.0,0.9294512744135026,0.9269447389448984
decision,1,2,leadoff_tone_100,8,2.0,0.9528391158688477,0.9532506061481102
decision,1,3,diff_tone_150,10,3.0,0.9599239185696131,0.9607620131593305
decision,1,4,leadoff_tone_10,11,4.0,0.965628714401309,0.96496682974223
decision,1,5,diff_tone_0.5,13,8.0,0.9669802337203124,0.9666600540264731
decision,1,6,dc_out,14,8.064,0.9676346459318104,0.9660124996774642
decision,1,7,dc_ina_out,15,8.128,0.9677200357238249,0.9678660857275232
decision,1,8,diff_tone_10,17,9.128,0.9682321559013599,0.9675423085530186
decision,1,16,(all measurements),27,97.192,,0.9700778582937246
decision,2,1,cal_pulse,7,1.0,0.9313267581059468,0.9294898928846618
decision,2,2,leadoff_tone_100,8,2.0,0.9554039645228517,0.9551087917515773
decision,2,3,diff_tone_150,10,3.0,0.9637381864004265,0.9635975083945811
decision,2,4,leadoff_tone_10,11,4.0,0.9693183250133282,0.967670126021283
decision,2,5,cm_tone_150,12,5.0,0.970912131052198,0.9700713027385665
decision,2,6,diff_tone_0.5,14,9.0,0.9722219260408085,0.9714730008311305
decision,2,7,dc_rld_out,15,9.064,0.9728214510735229,0.9719713847773019
decision,2,8,cm_tone_0.05,16,49.064,0.9739153298114671,0.971502369870253
decision,2,16,(all measurements),27,97.192,,0.9711866610148174
localisation,0,1,cal_pulse,7,1.0,0.5956794422528864,0.6107833240133557
localisation,0,2,diff_tone_150,9,2.0,0.6791096635945152,0.6608268688780811
localisation,0,3,dc_ina_out,10,2.064,0.7316714345328225,0.7241370755608709
localisation,0,4,cm_tone_150,11,3.064,0.7439851523935539,0.7200154354936387
localisation,0,5,diff_tone_10,13,4.064,0.7473365555369236,0.7276078281171171
localisation,0,6,leadoff_tone_100,14,5.064,0.754654198130775,0.7259959210620582
localisation,0,7,cm_tone_0.5,15,9.064,0.7544806783450748,0.7247225569618009
localisation,0,8,cm_tone_10,16,10.064,0.7591281597861416,0.727227936245692
localisation,0,16,(all measurements),27,97.192,,0.7298500781933
localisation,1,1,cal_pulse,7,1.0,0.6058770092357879,0.6136150463554062
localisation,1,2,diff_tone_150,9,2.0,0.662401635905589,0.6741854294570452
localisation,1,3,dc_ina_out,10,2.064,0.7120477613680336,0.7238641813393627
localisation,1,4,cm_tone_0.05,11,42.064,0.7301919209204849,0.7139236871180314
localisation,1,5,leadoff_tone_100,12,43.064,0.7408499963756803,0.7370735802054732
localisation,1,6,leadoff_tone_10,13,44.064,0.7442731279500359,0.7327674880368716
localisation,1,7,diff_tone_50,15,45.064,0.7434017670056263,0.7387700804689344
localisation,1,8,cm_tone_150,16,46.064,0.745769269217159,0.7441975813904608
localisation,1,16,(all measurements),27,97.192,,0.7326621307627788
localisation,2,1,cal_pulse,7,1.0,0.600887612316867,0.5981040837209263
localisation,2,2,dc_ina_out,8,1.064,0.6723331751144829,0.671469717996044
localisation,2,3,diff_tone_150,10,2.064,0.7087955896625466,0.714610035956464
localisation,2,4,diff_tone_50,12,3.064,0.7299437582225233,0.7191923712931284
localisation,2,5,dc_rld_out,13,3.128,0.7288658470299549,0.7202479181733681
localisation,2,6,diff_tone_10,15,4.128,0.7367890601839546,0.7218468199073355
localisation,2,7,leadoff_tone_10,16,5.128,0.735227634917576,0.7342468079120441
localisation,2,8,cm_tone_150,17,6.128,0.733639963141944,0.7314690499437831
localisation,2,16,(all measurements),27,97.192,,0.7447151938968483
