feature_set,spec,rmse_over_limit,rmse_over_limit,rmse_over_limit
,,mean,ci_low,ci_high
C1,gain_error,1.0243151046594976,1.0209286977539729,1.0277015115650223
C1,resp_dev_lf,0.5211103303934262,0.5174287400313137,0.5247919207555388
C1,resp_min_hf,0.26433392763343105,0.2626593804612389,0.26600847480562323
C1,resp_max_hf,0.33339718626345255,0.33180690124360745,0.33498747128329764
C1,impulse_offset_uv,0.29346719180102804,0.2856250340796038,0.30130934952245225
C1,impulse_slope_uvs,0.3165466074835323,0.3104002250418659,0.32269298992519874
C1,cmrr_db,0.13510546010098767,0.1312273760422791,0.13898354415969624
C1,noise_uvpp,0.4273506097540951,0.4184713372291653,0.4362298822790249
C1,zin_drop,0.6824994960383788,0.6752867492082136,0.6897122428685439
C1,offset_gain_error,0.5986606634089223,0.5891720542269777,0.6081492725908669
C1,input_range_mv,0.4298084924397301,0.42532282673467336,0.4342941581447869
C1x,gain_error,1.0119828732426497,1.0106477279668185,1.013318018518481
C1x,resp_dev_lf,0.5027680116154057,0.49348534901976415,0.5120506742110473
C1x,resp_min_hf,0.25001465261086864,0.24838056175535386,0.2516487434663834
C1x,resp_max_hf,0.3181151257187689,0.31325921072682034,0.3229710407107174
C1x,impulse_offset_uv,0.2907311338432255,0.2852209474983837,0.2962413201880673
C1x,impulse_slope_uvs,0.3119747584470554,0.31013538455805956,0.31381413233605127
C1x,cmrr_db,0.12633434966279308,0.12361378487060307,0.1290549144549831
C1x,noise_uvpp,0.4117135755838059,0.4097946354066511,0.41363251576096066
C1x,zin_drop,0.6291992270070197,0.6184099596546115,0.6399884943594278
C1x,offset_gain_error,0.5690372821642393,0.5628248416313592,0.5752497226971195
C1x,input_range_mv,0.4156879174733148,0.4093648097146653,0.42201102523196427
C2,gain_error,0.19652978103172578,0.18756261935364527,0.20549694270980629
C2,resp_dev_lf,0.21419449425028492,0.20574902534830325,0.22263996315226658
C2,resp_min_hf,0.08223325391284449,0.07692168116049419,0.08754482666519478
C2,resp_max_hf,0.15057418090494648,0.1439500004778974,0.15719836133199555
C2,impulse_offset_uv,0.19828086787583446,0.1846384962341008,0.2119232395175681
C2,impulse_slope_uvs,0.21102476291556393,0.19500138736259698,0.2270481384685309
C2,cmrr_db,0.09719069611768356,0.09471752197961247,0.09966387025575466
C2,noise_uvpp,0.19648772803020842,0.1917378588283926,0.20123759723202425
C2,zin_drop,0.41532599690712696,0.4105530522856509,0.420098941528603
C2,offset_gain_error,0.38036596483515756,0.3695968418540213,0.3911350878162938
C2,input_range_mv,0.20033571079901366,0.19561227675000592,0.2050591448480214
C3,gain_error,0.2377191393170155,0.21778965927938262,0.2576486193546484
C3,resp_dev_lf,0.27216806195063964,0.25484344943153536,0.2894926744697439
C3,resp_min_hf,0.12654007510067242,0.1109931543716413,0.14208699582970355
C3,resp_max_hf,0.18793079015043068,0.17956676090981064,0.19629481939105073
C3,impulse_offset_uv,0.2018541111215606,0.19687073043760117,0.20683749180552002
C3,impulse_slope_uvs,0.20207688288289447,0.19699448178607126,0.20715928397971767
C3,cmrr_db,0.09846110890620867,0.09185320701012663,0.10506901080229071
C3,noise_uvpp,0.2163377286930943,0.21246589981400069,0.22020955757218794
C3,zin_drop,0.42340101714419526,0.41679990542982465,0.43000212885856587
C3,offset_gain_error,0.38937222550406,0.37239142856301605,0.4063530224451039
C3,input_range_mv,0.13198294563114524,0.11063592666569697,0.1533299645965935
C4,gain_error,0.7480205407206751,0.7449645963256342,0.7510764851157161
C4,resp_dev_lf,0.3235824923563104,0.32180702480029133,0.3253579599123295
C4,resp_min_hf,0.17661299525876464,0.17106476064335463,0.18216122987417466
C4,resp_max_hf,0.222581591038271,0.21788517526108633,0.22727800681545565
C4,impulse_offset_uv,0.2694789366176991,0.26023249232676754,0.2787253809086307
C4,impulse_slope_uvs,0.2785822418491757,0.27230558072491245,0.2848589029734389
C4,cmrr_db,0.11695690894834576,0.11501711458646448,0.11889670331022704
C4,noise_uvpp,0.27909317559489294,0.2731808238393329,0.285005527350453
C4,zin_drop,0.6029386911294242,0.5935676723203833,0.6123097099384651
C4,offset_gain_error,0.5735841482100774,0.5682043397309778,0.578963956689177
C4,input_range_mv,0.29710981376743817,0.2939915484803099,0.30022807905456644
C1+C2+C3+C4,gain_error,0.18613734083180614,0.17013912315640897,0.2021355585072033
C1+C2+C3+C4,resp_dev_lf,0.21346213733203834,0.20534915541198703,0.22157511925208964
C1+C2+C3+C4,resp_min_hf,0.08452486244891579,0.08190875798960577,0.0871409669082258
C1+C2+C3+C4,resp_max_hf,0.1517112994934029,0.15052681082111272,0.15289578816569308
C1+C2+C3+C4,impulse_offset_uv,0.17888699951346512,0.16381076763225438,0.19396323139467586
C1+C2+C3+C4,impulse_slope_uvs,0.1770094407717481,0.16444604302783647,0.18957283851565973
C1+C2+C3+C4,cmrr_db,0.0810072163025296,0.0792501097755711,0.0827643228294881
C1+C2+C3+C4,noise_uvpp,0.19615207973961346,0.18942289037346347,0.20288126910576346
C1+C2+C3+C4,zin_drop,0.3326678488163172,0.32078718242910875,0.3445485152035257
C1+C2+C3+C4,offset_gain_error,0.2883450565314898,0.26221297265808424,0.31447714040489533
C1+C2+C3+C4,input_range_mv,0.12993827321570287,0.11409975114645854,0.1457767952849472
