feature_set,method,escape_rate,escape_rate,escape_rate,false_reject_rate,false_reject_rate,false_reject_rate,accuracy,accuracy,accuracy
,,mean,ci_low,ci_high,mean,ci_low,ci_high,mean,ci_low,ci_high
C1,limit_test,0.6973868335134102,0.6927662669514196,0.7020074000754009,0.0653870630667218,0.06247535530727029,0.06829877082617332,0.8020964360587003,0.799368529074866,0.8048243430425346
C1,regression,0.7138785482265293,0.7111665654326195,0.7165905310204391,0.008223531007892755,0.006916914873293545,0.009530147142491965,0.8438155136268343,0.8408580313661683,0.8467729958875002
C1,regression+guard,0.00883582186258095,0.0021546910641263087,0.015516952661035591,0.9861416843980072,0.9741723172808094,0.998111051515205,0.21878057302585605,0.21153586059148222,0.22602528546022987
C1,classifier,0.7187120971228557,0.7172740541182477,0.7201501401274636,0.001503029740892617,0.0009277755941248995,0.0020782838876603343,0.8481132075471698,0.8467353436881073,0.8494910714062323
C1,classifier+threshold,0.009921148165856352,-0.0012296210335868054,0.02107191736529951,0.9465291248051179,0.9374441591671746,0.9556140904430611,0.24986023759608667,0.24628913399455377,0.25343134119761956
C1x,limit_test,0.682971732190173,0.6777137296132666,0.6882297347670795,0.0870945775465126,0.08383901203616717,0.09035014305685804,0.787962962962963,0.7845745329332457,0.7913513929926802
C1x,regression,0.6977220701131328,0.6926618417556076,0.702782298470658,0.022657383164431263,0.01979649533551941,0.025518270993343115,0.835796645702306,0.833537831314641,0.8380554600899711
C1x,regression+guard,0.00992304964389473,0.0020976689484533996,0.017748430339336062,0.9858993171856766,0.9742550359293649,0.9975435984419883,0.21874563242487768,0.2119925765384201,0.22549868831133527
C1x,classifier,0.7157092696840307,0.7109513296090039,0.7204672097590575,0.0018344162250094253,0.0006253114390818739,0.0030435210109369766,0.8484800838574423,0.8469785915275395,0.8499815761873452
C1x,classifier+threshold,0.008003170131591698,0.0036155152438404805,0.012390825019342916,0.9368466568273607,0.9289610638009105,0.9447322498538109,0.25791404612159335,0.2532541969221673,0.26257389532101943
C2,limit_test,0.39009962799911074,0.38726086515292446,0.392938390845297,0.13360442630400104,0.13232583581937557,0.13488301678862652,0.8126135569531797,0.8116898692886634,0.813537244617696
C2,regression,0.20430818818439087,0.18274067982249648,0.22587569654628525,0.016313952430563577,0.01485379666098998,0.017774108200137174,0.9442697414395528,0.9409648850122645,0.9475745978668411
C2,regression+guard,0.01141790880539533,0.007537764771307072,0.015298052839483586,0.9811211389149396,0.9750266219856304,0.9872156558442488,0.22220475192173306,0.2158874552401384,0.22852204860332773
C2,classifier,0.19122189867637648,0.1832581190278533,0.19918567832489967,0.00886399011926403,0.007979375181783325,0.009748605056744734,0.9529000698812021,0.9511228442250178,0.9546772955373864
C2,classifier+threshold,0.009663091143784495,0.00756371495043931,0.01176246733712968,0.7678266413934142,0.7407446497575154,0.7949086330293129,0.3911425576519916,0.369706049357202,0.4125790659467811
C3,limit_test,0.3216984660664828,0.3193042917710344,0.32409264036193114,0.0996502282999659,0.09675678745144305,0.10254366914848877,0.8537910552061495,0.8517147129658842,0.8558673974464148
C3,regression,0.15861331806946763,0.12974590998502658,0.18748072615390868,0.017928709689325816,0.013119559342532713,0.02273786003611892,0.9525681341719077,0.9427791688436448,0.9623570995001706
C3,regression+guard,0.0019148910223255467,0.0004959709673895184,0.003333811077261575,0.9944735334957638,0.9936521513909675,0.9952949156005602,0.21364430468204051,0.21149574363178109,0.21579286573229994
C3,classifier,0.1458879199007246,0.1413429105627079,0.15043292923874133,0.011936720133522427,0.011396452885414117,0.012476987381630738,0.9599755415793152,0.9591800315093787,0.9607710516492517
C3,classifier+threshold,0.010830291574037353,0.008901344641609877,0.01275923850646483,0.40175588441747134,0.257568221230931,0.5459435476040118,0.6802061495457722,0.566514314300309,0.7938979847912354
C4,limit_test,0.6217293797324441,0.6175807895032372,0.625877969961651,0.027631868094078874,0.02409091776507959,0.031172818423078157,0.8477987421383647,0.8437312922938982,0.8518661919828312
C4,regression,0.5240728496594517,0.5162769984601501,0.5318687008587533,0.02451480628606791,0.022946793419138457,0.02608281915299736,0.870737246680643,0.8675049953288047,0.8739694980324814
C4,regression+guard,0.007250553253721768,0.00532456577535973,0.009176540732083807,0.982248791795182,0.9757103283446974,0.9887872552456666,0.2221872816212439,0.2159537210715336,0.2284208421709542
C4,classifier,0.5500741537938029,0.5427034224984602,0.5574448850891456,0.01240129238433388,0.010957442241057512,0.013845142527610248,0.8748602375960868,0.8729101945319282,0.8768102806602454
C4,classifier+threshold,0.012324856794887406,0.0017101529478581665,0.022939560641916646,0.9308093572693535,0.9077081010079877,0.9539106135307194,0.2617749825296995,0.24520051133641374,0.27834945372298525
C1+C2+C3+C4,limit_test,0.2253072274132102,0.21415861561566138,0.236455839210759,0.20042935620090188,0.19805871515522663,0.20279999724657713,0.7943570929419986,0.793027224014049,0.7956869618699483
C1+C2+C3+C4,regression,0.09104842055688889,0.06657693514284103,0.11551990597093674,0.014434209649696947,0.012077305186938149,0.016791114112455745,0.9694968553459119,0.9660843317257762,0.9729093789660476
C1+C2+C3+C4,regression+guard,0.0091670310787084,0.006913705205083743,0.011420356952333056,0.9480470046321591,0.8866432349787737,1.0094507742855445,0.24881201956673657,0.19925929474960039,0.2983647443838727
C1+C2+C3+C4,classifier,0.08064341523062564,0.06771853387264316,0.09356829658860812,0.006940840064134093,0.005141393992109034,0.008740286136159152,0.977603074772886,0.9760120546330131,0.9791940949127589
C1+C2+C3+C4,classifier+threshold,0.00875096439729813,0.004409307320271774,0.013092621474324486,0.08264585746764538,0.06006233329080341,0.10522938164448736,0.9328441649196367,0.9141465049680516,0.9515418248712219
