feature_set,model,repeat,accuracy,balanced_accuracy,f1_macro
C1,knn,0,0.6355698838068372,0.37395652042212263,0.36820470428439084
C1,knn,1,0.6324131909463362,0.37189242373112613,0.36672861883717583
C1,knn,2,0.6367788300087313,0.37447851737868504,0.3689850446791325
C1,random_forest,0,0.5005708912620055,0.36931917880499127,0.35684780027948465
C1,random_forest,1,0.5038619114782725,0.37074216537331584,0.35833317089341504
C1,random_forest,2,0.5048693666465176,0.36654664602056614,0.35699797396005045
C1,gradient_boosting,0,0.4046611592450803,0.39416517521748423,0.32873071728085684
C1,gradient_boosting,1,0.4177580764322654,0.3911355010350384,0.33246634481116344
C1,gradient_boosting,2,0.4153401840284774,0.38825981007393073,0.3352320446346331
C1x,knn,0,0.6874202431325139,0.3973299062211739,0.3938846853257711
C1x,knn,1,0.684532204983545,0.39802738924308284,0.3972929997114192
C1x,knn,2,0.6870172610652159,0.39791812810162225,0.39526977958930637
C1x,random_forest,0,0.5788165759957016,0.39215334212932484,0.39001744796811083
C1x,random_forest,1,0.5839210155148096,0.3943467629976774,0.39233299000038935
C1x,random_forest,2,0.5880179998656726,0.3955255609108657,0.39413862884918754
C1x,gradient_boosting,0,0.6002417892403789,0.42341300107591834,0.4049286800366698
C1x,gradient_boosting,1,0.5588017999865673,0.42156764484274034,0.3940951965156729
C1x,gradient_boosting,2,0.5563167439048963,0.42047180560949565,0.39502608806572903
C2,knn,0,0.924105043992209,0.8286679514751906,0.8653286247337042
C2,knn,1,0.923970716636443,0.8235403886833627,0.8600954456094559
C2,knn,2,0.923030425146081,0.8306076718421368,0.8683991896896529
C2,random_forest,0,0.9502317146886964,0.8611833803702318,0.8884172836656412
C2,random_forest,1,0.9503660420444624,0.8614581020119779,0.8876474104269731
C2,random_forest,2,0.9509705151454093,0.8686967071385842,0.8966724110149009
C2,gradient_boosting,0,0.9415676002417892,0.8736453525584708,0.8667511757034422
C2,gradient_boosting,1,0.9382094163476392,0.8688781499705049,0.8606486486255266
C2,gradient_boosting,2,0.9395526899052992,0.8727618874071895,0.8652452667506569
C3,knn,0,0.927194573174827,0.7417871242556505,0.7831923601876501
C3,knn,1,0.9250453354825711,0.7365114094505625,0.7756653063638864
C3,knn,2,0.9245751897373901,0.73882779850713,0.7782890131788344
C3,random_forest,0,0.9388138894485862,0.8025495518820714,0.8363451941651965
C3,random_forest,1,0.9368661427899792,0.7959308915358867,0.8322503679918086
C3,random_forest,2,0.9378735979582242,0.7977950440455004,0.8355578550185122
C3,gradient_boosting,0,0.920881187453825,0.8115215957485656,0.7928567599983406
C3,gradient_boosting,1,0.9161797300020149,0.8061050270333703,0.7881251597638502
C3,gradient_boosting,2,0.921754315266304,0.8063228568803161,0.7969940448258043
C4,knn,0,0.7958895829135604,0.6673554586400298,0.7190637552052035
C4,knn,1,0.7987104573846464,0.6597011924969484,0.7159042080192334
C4,knn,2,0.7987776210625294,0.6645286034154428,0.7210763277552427
C4,random_forest,0,0.7307408153670495,0.6629093641867813,0.6637301752181872
C4,random_forest,1,0.7338303445496676,0.6606864940995409,0.6703690737463973
C4,random_forest,2,0.7337631808717845,0.6639861232957888,0.6726544154079
C4,gradient_boosting,0,0.7608973067365169,0.6925214167841359,0.65287293096327
C4,gradient_boosting,1,0.769158439116126,0.697015415690111,0.6641100744558374
C4,gradient_boosting,2,0.773322587144872,0.6965391374683937,0.6663865395359864
C1+C2+C3+C4,knn,0,0.9399556719725972,0.8482039537574382,0.8880048347194576
C1+C2+C3+C4,knn,1,0.9398885082947143,0.8489194517237418,0.8881191485820743
C1+C2+C3+C4,knn,2,0.9389482168043523,0.8451629931134743,0.883893175210646
C1+C2+C3+C4,random_forest,0,0.9713211095439587,0.8951570942896288,0.9205884700988406
C1+C2+C3+C4,random_forest,1,0.9703136543757136,0.8953297149080642,0.9190550514905076
C1+C2+C3+C4,random_forest,2,0.9716569279333737,0.8947020710876287,0.9216592333426145
C1+C2+C3+C4,gradient_boosting,0,0.9668883068036805,0.9049646352863547,0.9087196556686422
C1+C2+C3+C4,gradient_boosting,1,0.9627241587749346,0.8952355192059279,0.8996678276416669
C1+C2+C3+C4,gradient_boosting,2,0.9636644502652966,0.9022295596558457,0.900025564710476
