true,C1,C2,C3,C4,C5,C6,R1,R10,R11,R12,R13,R14,R15,R16,R17,R18,R19,R2,R20,R3,R4,R5,R6,R7,R8,R9,U1,U2,U5
C1,22,1,0,0,0,0,0,0,0,0,0,0,0,0,0,0,0,0,0,21,1,0,0,0,0,0,0,0,0
C2,4,21,0,0,0,0,0,0,0,0,0,0,0,0,0,0,0,0,0,2,19,0,0,0,0,0,0,0,0
C3,0,0,18,0,0,0,0,0,0,7,4,14,0,0,0,0,0,0,0,0,0,0,1,0,0,0,0,0,0
C4,0,0,0,167,0,0,0,0,0,0,0,0,0,5,3,3,0,0,0,0,0,0,0,0,0,0,0,0,0
C5,0,0,0,0,92,0,0,0,0,0,0,0,0,0,0,0,0,0,0,0,0,0,0,0,0,0,0,0,0
C6,0,0,0,0,0,193,0,0,0,0,0,0,0,0,0,0,0,0,0,0,0,1,0,0,0,0,0,0,0
R1,0,0,0,0,0,0,50,0,0,0,0,0,0,0,0,0,0,0,0,0,0,0,0,0,0,0,0,0,0
R10,0,0,0,0,0,0,0,156,51,0,0,0,0,0,4,2,0,0,0,0,0,1,1,0,7,4,0,0,0
R11,0,0,0,0,0,0,0,56,160,0,0,0,0,0,3,1,0,0,0,0,0,0,3,1,4,6,0,0,0
R12,0,0,6,0,0,0,0,2,0,39,34,4,0,0,1,1,0,0,0,0,0,0,0,0,0,0,0,0,0
R13,0,0,7,0,0,0,0,0,1,41,35,2,0,0,0,0,0,0,0,0,0,0,0,0,0,1,0,0,0
R14,0,0,18,0,0,0,0,0,1,5,3,15,0,0,0,0,0,0,0,0,0,0,0,0,0,0,0,0,0
R15,0,0,0,0,0,0,0,0,0,0,0,0,45,0,0,0,0,0,0,0,0,0,0,0,0,0,0,0,0
R16,0,0,0,41,0,0,0,0,0,0,0,0,0,47,0,0,0,0,0,0,0,0,0,0,0,0,0,0,0
R17,0,0,0,0,0,0,0,0,2,0,0,0,0,0,239,59,0,0,0,0,0,18,26,49,3,9,0,0,1
R18,0,0,0,0,0,0,0,1,0,0,0,0,0,0,67,227,0,0,0,0,0,34,27,22,10,6,0,0,4
R19,0,0,0,0,0,0,0,0,0,0,0,0,0,0,0,0,38,0,33,0,0,0,0,0,0,0,0,0,0
R2,0,0,0,0,0,0,0,0,0,0,0,0,0,0,0,0,0,42,0,0,0,0,0,0,0,0,0,0,0
R20,0,0,0,0,0,0,0,0,0,0,0,0,0,0,0,0,30,0,43,0,0,0,0,0,0,0,0,0,0
R3,21,3,0,0,0,0,0,0,0,0,0,0,0,0,0,0,0,0,0,18,4,0,0,0,0,0,0,0,0
R4,2,16,0,0,0,0,0,0,0,0,0,0,0,0,0,0,0,0,0,3,19,0,0,0,0,0,0,0,0
R5,0,0,0,0,0,0,0,0,1,0,1,0,1,0,29,32,0,0,0,0,0,104,85,26,14,3,0,0,2
R6,0,0,0,0,0,4,0,1,0,0,0,0,0,0,29,31,0,0,0,0,0,86,108,24,10,8,0,0,1
R7,0,0,0,0,0,0,0,1,0,1,0,0,0,0,71,32,0,0,0,0,0,30,28,207,10,7,0,0,3
R8,0,0,0,0,0,0,0,4,6,0,1,0,0,0,6,10,0,0,0,0,0,16,11,4,252,65,0,0,2
R9,0,0,0,0,0,0,0,6,3,0,0,0,0,0,8,3,0,0,0,0,0,7,8,9,59,270,0,0,0
U1,0,0,0,0,0,0,0,0,1,0,0,0,0,0,0,0,0,0,0,0,0,0,0,0,0,1,43,1,0
U2,0,0,0,0,0,0,0,2,1,0,0,0,0,0,0,0,0,0,0,0,0,0,0,0,1,0,0,44,0
U5,0,0,0,0,0,0,0,0,0,0,0,0,0,0,10,4,0,0,0,0,0,5,4,9,1,0,0,0,95
