feature_set,method,repeat,escape_rate,false_reject_rate,accuracy
C1,limit_test,0,0.6915422885572139,0.06404554349759829,0.8032545416286736
C1,regression,0,0.7160862354892206,0.014321295143212951,0.8372729185663182
C1,regression+guard,0,0.0076285240464344945,0.9893257427504003,0.21827874026793856
C1,classifier,0,0.7257048092868988,0.0006226650062266501,0.8460405414883917
C1,classifier+threshold,0,0.008291873963515755,0.9492083259206547,0.2497720418040261
C1,limit_test,1,0.6942148760330579,0.06899928774928775,0.7983446727923126
C1,regression,1,0.7203305785123967,0.018073361823361823,0.8329241775969699
C1,regression+guard,1,0.009586776859504133,0.9875356125356125,0.21996212386897665
C1,classifier,1,0.7269421487603306,0.0007122507122507123,0.8451988496878726
C1,classifier+threshold,1,0.016198347107438015,0.9389245014245015,0.25685628112506137
C1,limit_test,2,0.699305325835263,0.06426918283781378,0.8010801711439994
C1,regression,2,0.7122064174660933,0.019761438490297312,0.833415164480606
C1,regression+guard,2,0.013893483294740324,0.9854014598540146,0.22059339271936593
C1,classifier,2,0.7267614952034402,0.0021363717286807904,0.8442168759206004
C1,classifier+threshold,2,0.014885874958650347,0.9403596225743279,0.25587430735778915
C1x,limit_test,0,0.6719734660033168,0.08948585660914428,0.7873325384021884
C1x,regression,0,0.6961857379767827,0.020014232342999465,0.836992354632812
C1x,regression+guard,0,0.005306799336650083,0.987279843444227,0.22038296976923616
C1x,classifier,0,0.7180762852404643,0.002134851449919943,0.8464613873886512
C1x,classifier+threshold,0,0.009286898839137645,0.9351538872086818,0.2606438942273971
C1x,limit_test,1,0.6760330578512397,0.09081196581196581,0.785017885950761
C1x,regression,1,0.6895867768595041,0.023415242165242166,0.8352388300483973
C1x,regression+guard,1,0.008264462809917356,0.9903846153846154,0.21799817633443222
C1x,classifier,1,0.7143801652892562,0.0020477207977207977,0.8468120923055341
C1x,classifier+threshold,1,0.007933884297520661,0.9358084045584045,0.26106474012765657
C1x,limit_test,2,0.6787958981144558,0.0878582873419975,0.7868415515185523
C1x,regression,2,0.7016209063843863,0.02456827487982909,0.8318720628463211
C1x,regression+guard,2,0.01257029440952696,0.9831760726366388,0.22262748123728696
C1x,classifier,2,0.7151835924578234,0.0039166815025814495,0.8452689906712492
C1x,classifier+threshold,2,0.010254713860403573,0.9370660494926117,0.2594514975099951
C2,limit_test,0,0.1330016583747927,0.17977228251200855,0.8301185382619064
C2,regression,0,0.14461028192371475,0.013164917274506315,0.9590376657080733
C2,regression+guard,0,0.009950248756218905,0.9204767834904821,0.27207687451778073
C2,classifier,0,0.12769485903814262,0.008183597224693116,0.966542750929368
C2,classifier+threshold,0,0.008955223880597015,0.7671232876712328,0.3932103528091464
C2,limit_test,1,0.13520661157024794,0.18901353276353278,0.8224030300904819
C2,regression,1,0.14611570247933883,0.012286324786324786,0.9593182296415795
C2,regression+guard,1,0.014214876033057851,0.8983262108262108,0.2892614154450445
C2,classifier,1,0.12396694214876033,0.006944444444444444,0.9682261345304061
C2,classifier+threshold,1,0.008264462809917356,0.7310363247863247,0.42231886091042997
C2,limit_test,2,0.1346344690704598,0.18390599964393806,0.8265413481097005
C2,regression,2,0.1458815745947734,0.013263307815559908,0.9586168198078137
C2,regression+guard,2,0.01918623883559378,0.8630051628983443,0.3159149891281476
C2,classifier,2,0.11974859411180946,0.008367455937333096,0.9680157115802763
C2,classifier+threshold,2,0.008600727753886867,0.7340217197792416,0.4197937855088728
C3,limit_test,0,0.04809286898839138,0.13413983276996977,0.8840569544785017
C3,regression,0,0.0945273631840796,0.013965486568226295,0.9689976853475486
C3,regression+guard,0,0.001658374792703151,0.9933285892190001,0.2163849337167707
C3,classifier,0,0.07064676616915423,0.014943960149439602,0.9732762853335204
C3,classifier+threshold,0,0.010281923714759536,0.4436932930083615,0.6479624044329102
C3,limit_test,1,0.09851239669421488,0.1258903133903134,0.8799186364592831
C3,regression,1,0.07669421487603306,0.01638176638176638,0.9708213509153398
C3,regression+guard,1,0.003305785123966942,0.989494301994302,0.21975170091884688
C3,classifier,1,0.06743801652892562,0.015402421652421653,0.9735568492670267
C3,classifier+threshold,1,0.009917355371900827,0.41070156695156695,0.6743354141825069
C3,limit_test,2,0.09990076083360899,0.12462168417304612,0.880620046293049
C3,regression,2,0.07542176645716175,0.015844756987715862,0.9715227607491057
C3,regression+guard,2,0.002315580549123387,0.9870927541392203,0.2217156484533913
C3,classifier,2,0.06715183592457824,0.01272921488338971,0.975731219751701
C3,classifier+threshold,2,0.010585511081706914,0.443208118212569,0.6485235322999229
C4,limit_test,0,0.5887230514096186,0.0426080768546522,0.841902223469173
C4,regression,0,0.5084577114427861,0.025618217399039318,0.8722732692712352
C4,regression+guard,0,0.005638474295190713,0.9942181106564668,0.2148418320824858
C4,classifier,0,0.523714759535655,0.018768902330546167,0.8744476397559093
C4,classifier+threshold,0,0.011276948590381426,0.9256360078277887,0.26772813354843233
C4,limit_test,1,0.5917355371900826,0.040776353276353275,0.8423230693694326
C4,regression,1,0.4902479338842975,0.028133903133903133,0.8738163709055201
C4,regression+guard,1,0.0009917355371900827,0.9969729344729344,0.2143508451988497
C4,classifier,1,0.5133884297520661,0.017984330484330485,0.8769025741740899
C4,classifier+threshold,1,0.008925619834710744,0.9423076923076923,0.25573402539103596
C4,limit_test,2,0.5894806483625538,0.041748264197970446,0.8421126464193028
C4,regression,2,0.5047965597088985,0.02483532134591419,0.8733955250052605
C4,regression+guard,2,0.0,0.9986647676695745,0.21308830749807112
C4,classifier,2,0.516043665233212,0.020206515933772477,0.8746580627060392
C4,classifier+threshold,2,0.006946741647370162,0.9499732953533915,0.24998246475415586
C1+C2+C3+C4,limit_test,0,0.04145936981757877,0.2451521081658068,0.797923826892053
C1+C2+C3+C4,regression,0,0.03880597014925373,0.014143390855719622,0.980641088588062
C1+C2+C3+C4,regression+guard,0,0.010613598673300166,0.639921722113503,0.49316125412078277
C1+C2+C3+C4,classifier,0,0.04378109452736319,0.007649884362213129,0.984709265623904
C1+C2+C3+C4,classifier+threshold,0,0.009618573797678276,0.021793275217932753,0.9807813705548152
C1+C2+C3+C4,limit_test,1,0.04132231404958678,0.25284900284900286,0.7920319842884197
C1+C2+C3+C4,regression,1,0.040991735537190085,0.013977920227920227,0.980290383671179
C1+C2+C3+C4,regression+guard,1,0.010247933884297521,0.6813568376068376,0.46103668373430595
C1+C2+C3+C4,classifier,1,0.038677685950413224,0.007122507122507123,0.9861822262748123
C1+C2+C3+C4,classifier+threshold,1,0.009586776859504133,0.017361111111111112,0.9842884197236446
C1+C2+C3+C4,limit_test,2,0.04399603043334436,0.24790813601566672,0.7953286105071193
C1+C2+C3+C4,regression,2,0.03407211379424413,0.014420509168595335,0.9814126394052045
C1+C2+C3+C4,regression+guard,2,0.007939133311280185,0.5522520918639844,0.5631619555306165
C1+C2+C3+C4,classifier,2,0.04300363876943434,0.005607975787787075,0.9864627902083187
C1+C2+C3+C4,classifier+threshold,2,0.010585511081706914,0.017447035784226454,0.9840078557901382
