openalex_id,doi,title,year,type,venue,cited_by,abstract,n_references
W2152195021,10.1109/icnn.1995.488968,Particle swarm optimization,2002,conference-paper,,48841,"A concept for the optimization of nonlinear functions using particle swarm methodology is introduced. The evolution of several paradigms is outlined, and an implementation of one of the paradigms is discussed. Benchmark testing of the paradigm is described, and applications, including nonlinear function optimization and neural network training, are proposed. The relationships between particle swarm optimization and both artificial life and genetic algorithms are described.",14
W2079325629,10.1109/tsmc.1985.6313399,Fuzzy identification of systems and its applications to modeling and control,1985,article,IEEE Transactions on Systems Man and Cybernetics,19592,A mathematical tool to build a fuzzy model of a system where fuzzy implications and reasoning are used is presented in this paper. The premise of an implication is the description of fuzzy subspace of inputs and its consequence is a linear input-output relation. The method of identification of a system using its input-output data is then shown. Two applications of the method to industrial processes are also discussed: a water cleaning process and a converter in a steel-making process.,4
W4254931243,10.1007/978-3-319-51370-6,Uncertain Rule-Based Fuzzy Systems,2017,book,,595,,10
W4317821616,10.3390/s23031305,Deep Learning Techniques in Intelligent Fault Diagnosis and Prognosis for Industrial Systems: A Review,2023,article,Sensors,220,"Fault diagnosis and prognosis (FDP) tries to recognize and locate the faults from the captured sensory data, and also predict their failures in advance, which can greatly help to take appropriate actions for maintenance and avoid serious consequences in industrial systems. In recent years, deep learning methods are being widely introduced into FDP due to the powerful feature representation ability, and its rapid development is bringing new opportunities to the promotion of FDP. In order to facilitate the related research, we give a summary of recent advances in deep learning techniques for industrial FDP in this paper. Related concepts and formulations of FDP are firstly given. Seven commonly used deep learning architectures, especially the emerging generative adversarial network, transformer, and graph neural network, are reviewed. Finally, we give insights into the challenges in current applications of deep learning-based methods from four different aspects of imbalanced data, compound fault types, multimodal data fusion, and edge device implementation, and provide possible solutions, respectively. This paper tries to give a comprehensive guideline for further research into the problem of intelligent industrial FDP for the community.",176
W2789290713,10.1016/j.measurement.2018.02.044,A novel approach for analog circuit fault diagnosis based on Deep Belief Network,2018,article,Measurement,136,,34
W2571260886,10.1016/j.aeue.2017.01.002,A survey on fault diagnosis of analog circuits: Taxonomy and state of the art,2017,article,AEU - International Journal of Electronics and Communications,135,,137
W3107965887,10.1016/j.vlsi.2020.11.006,"Review: Machine learning techniques in analog/RF integrated circuit design, synthesis, layout, and test",2020,article,Integration,132,,142
W2904609444,10.1007/s00521-018-3911-5,Neural network applications in fault diagnosis and detection: an overview of implementations in engineering-related systems,2018,article,Neural Computing and Applications,123,,96
W3120741450,10.1016/j.neucom.2021.01.001,The intermittent fault diagnosis of analog circuits based on EEMD-DBN,2021,article,Neurocomputing,121,,43
W4205522303,10.1007/s00034-021-01842-2,An Analog Circuit Fault Diagnosis Approach Based on Improved Wavelet Transform and MKELM,2022,article,Circuits Systems and Signal Processing,68,,40
W4283753191,10.1016/j.aej.2022.06.026,Investigation of fault detection and isolation accuracy of different Machine learning techniques with different data processing methods for gas turbine,2022,article,Alexandria Engineering Journal,49,"Classification is an essential task for many applications, including text classification, image classification, data classification, and so on. The present study investigates the accuracy of different machine learning classification algorithms with three different data smoothing techniques for gas turbine fault detection and isolation task. The gas turbine performance model was developed by considering variable inlet guide vane and bleed air. Fouling and erosion were injected into all six main components of the gas turbine engine. Faulty and non-faulty data were generated from the developed performance model. Based on sensitivity analysis, 12 measurement parameters and 11,824 data points were selected for the development of a fault detection and isolation model. The faulty and non-faulty data were balanced, smoothed, corrected and normalized. Finally, the classification accuracy of the machine learning techniques was analyzed. The result shows that K-Nearest Neighbours, Neural Network and Decision Tree classifiers exhibited high classification accuracy, about 99% with all three data smoothing techniques. It is also observed that the computation time of Support Vector Machine is higher whereas K-Nearest Neighbours shows the lowest. Finally, the research proves that K-Nearest Neighbours is the best classification technique for gas turbine engine fault detection and isolation application.",49
W3215988320,10.3390/electronics10232888,Intelligent Fault Detection and Identification Approach for Analog Electronic Circuits Based on Fuzzy Logic Classifier,2021,article,Electronics,44,"Analog electronic circuits play an essential role in many industrial applications and control systems. The traditional way of diagnosing failures in such circuits can be an inaccurate and time-consuming process; therefore, it can affect the industrial outcome negatively. In this paper, an intelligent fault diagnosis and identification approach for analog electronic circuits is proposed and investigated. The proposed method relies on a simple statistical analysis approach of the frequency response of the analog circuit and a simple rule-based fuzzy logic classification model to detect and identify the faulty component in the circuit. The proposed approach is tested and evaluated using a commonly used low-pass filter circuit. The test result of the presented approach shows that it can identify the fault and detect the faulty component in the circuit with an average of 98% F-score accuracy. The proposed approach shows comparable performance to more intricate related works.",39
W4383032100,10.1016/j.aej.2023.06.090,An efficient method for faults diagnosis in analog circuits based on machine learning classifiers,2023,article,Alexandria Engineering Journal,38,"The presented paper introduces an accurate approach for detecting and classifying parametric or soft faults that affect analog integrated circuits. This technique is based on the use of machine learning algorithm to improve the accuracy and the performance of fault classification process. To achieve this, the real and imaginary frequency responses of output voltage and supply current of the circuits under test (CUT) are used to extract features for both normal and faulty cases. These features are then exploited to train machine learning classifiers, from which the selected one among its equivalents is the quadratic discriminant classifier since it allowed the highest average accuracy score. The faults to be investigated are parametric ones affecting resistors and capacitors values. The proposed approach is validated using three filters circuits that are Sallen-Key band-pass filter, four op-amp biquad high-pass filter, and a leapfrog filter circuit. Obtained results indicate a high classification average accuracy for all circuits that are undergone testing. The proposed approach has provided a highest classification accuracy level comparing to other research works.",40
W1973236629,10.1016/j.neucom.2010.12.003,A novel approach for analog fault diagnosis based on neural networks and improved kernel PCA,2010,article,Neurocomputing,91,,27
W2018787098,10.1016/j.isatra.2013.06.006,Fuzzy classifier for fault diagnosis in analog electronic circuits,2013,article,ISA Transactions,48,,14
W2887015612,10.1016/j.vlsi.2018.08.001,An accurate classifier based on adaptive neuro-fuzzy and features selection techniques for fault classification in analog circuits,2018,article,Integration,42,,25
W2474843360,10.1007/s10836-016-5597-x,The Faults Diagnostic Analysis for Analog Circuit Based on FA-TM-ELM,2016,article,Journal of Electronic Testing,39,,20
W2460988051,10.1016/j.measurement.2016.07.018,Analog circuit fault diagnosis based on Quantum Clustering based Multi-valued Quantum Fuzzification Decision Tree (QC-MQFDT),2016,article,Measurement,37,,78
W3025542277,10.1016/j.neucom.2020.04.113,Analog circuit fault diagnosis based on density peaks clustering and dynamic weight probabilistic neural network,2020,article,Neurocomputing,35,,54
W2776271218,10.1088/1361-6501/aaa33a,Fault diagnosis for analog circuits utilizing time-frequency features and improved VVRKFA,2017,article,Measurement Science and Technology,33,"Abstract This paper proposes a novel scheme for analog circuit fault diagnosis utilizing features extracted from the time-frequency representations of signals and an improved vector-valued regularized kernel function approximation (VVRKFA). First, the cross-wavelet transform is employed to yield the energy-phase distribution of the fault signals over the time and frequency domain. Since the distribution is high-dimensional, a supervised dimensionality reduction technique—the bilateral 2D linear discriminant analysis—is applied to build a concise feature set from the distributions. Finally, VVRKFA is utilized to locate the fault. In order to improve the classification performance, the quantum-behaved particle swarm optimization technique is employed to gradually tune the learning parameter of the VVRKFA classifier. The experimental results for the analog circuit faults classification have demonstrated that the proposed diagnosis scheme has an advantage over other approaches.",46
W2901123560,10.1049/iet-smt.2018.5432,Feature extraction of analogue circuit fault signals via cross‐wavelet transform and variational Bayesian matrix factorisation,2018,article,IET Science Measurement & Technology,31,"Analogue circuits are one of the most commonly used components in industrial equipment, but circuit failure may lead to significant causalities and even enormous financial losses. To address this issue, in this work the authors propose a new feature extraction scheme based on cross‐wavelet transform (XWT) and variational Bayesian matrix factorisation (VBMF). Primarily, fault signals acquired from defect circuits are collected and processed by using XWT to obtain the joint time‐frequency representation. VBMF is utilised to fetch the time‐frequency information of the fault signal. A nine‐dimensional feature vector is then constructed. Finally, a support vector machine optimised by a flower pollination algorithm is introduced to locate faults. Results show that the proposed approach can effectively locate the different kinds of defection while achieving a higher accuracy.",43
W3126961950,10.3390/electronics10030349,A Neural Network Classifier with Multi-Valued Neurons for Analog Circuit Fault Diagnosis,2021,article,Electronics,30,"In this paper, we present a new method designed to recognize single parametric faults in analog circuits. The technique follows a rigorous approach constituted by three sequential steps: calculating the testability and extracting the ambiguity groups of the circuit under test (CUT); localizing the failure and putting it in the correct fault class (FC) via multi-frequency measurements or simulations; and (optional) estimating the value of the faulty component. The fabrication tolerances of the healthy components are taken into account in every step of the procedure. The work combines machine learning techniques, used for classification and approximation, with testability analysis procedures for analog circuits.",41
W4206926848,10.1016/j.vlsi.2022.01.005,Multi-source data fusion technique for parametric fault diagnosis in analog circuits,2022,article,Integration,27,,41
W4285592253,10.1007/s10489-022-03665-3,A Dual-input Fault Diagnosis Model Based on SE-MSCNN for Analog Circuits,2022,article,Applied Intelligence,25,,32
W4386088842,10.1016/j.aej.2023.08.006,Application of improved bubble entropy and machine learning in the adaptive diagnosis of rotating machinery faults,2023,article,Alexandria Engineering Journal,25,"This paper proposes an improved bubble entropy algorithm called Improved Hierarchical Refined Composite Multiscale Multichannel Bubble Entropy (IHRCMMCBE) to characterize the fault characteristics of rotating machinery. By introducing the refined composite multiscale analysis algorithm, the improved hierarchical decomposition algorithm, and the multi-channel data analysis method, the bubble entropy algorithm can more fully characterize the fault characteristics. Then, this method is combined with the machine learning algorithm to realize automatic fault diagnosis of rotating machinery. Multi-Cluster Feature Selection (MCFS) is used for feature selection to screen out useless features and improve feature extraction efficiency and feature quality. The MCFS method has excellent performance and does not need parameters, so it is suitable for adaptive fault diagnosis. Meanwhile, the EigenClass classifier using the concept of generalized eigenvalue is used to realize fault recognition. Besides, the recently proposed Gorilla Troops Optimizer (GTO) algorithm is used to improve EigenClass, and a GTO-optimized EigenClass (GTO-EigenClass) classifier is proposed to adaptively select parameters and achieve adaptive fault identification. The proposed fault diagnosis method of rotating machinery based on the improved bubble entropy is independent of data and application scenarios and is hardly affected by subjective factors. The ablation experiment proves the effectiveness of each improvement of bubble entropy. Also, the performance verification experiments and the comparative experiments prove that the method can effectively characterize different types of rotating machinery, different fault types, fault degrees, and composite faults, and it can achieve higher calculation efficiency and classification accuracy. When the sample length is 1024, the average accuracy of bearing and gearbox fault identification can reach 97.85 % and 97.57 % respectively, and when the sample length is 2048, the identification accuracy can reach 100 %.",42
W2165357482,10.1109/tmag.2007.892513,Swarm Optimization for Imaging of Corrosion by Impedance Measurements in Eddy Current Test,2007,article,IEEE Transactions on Magnetics,37,"Eddy current techniques for nondestructive testing and evaluation (NDT/NDE) of conducting materials is one of most application-oriented field of research within electromagnetics. In this paper, quantitative NDE of corrosion in metallic plates is considered. The inspection method exploits impedance measurements to determine the material loss profile caused by corrosion. Considering the corrosion shape as a function of impedance measurements, it has to be minimized in order to obtain the corrosion profile. In particular, swarm intelligence, characterized by evolutionary computation, has been exploited for the purpose. The proposed approach has been compared with results known in scientific literature both for performances and time consuming, with encouraging results",11
W1771266423,10.1016/j.neucom.2015.09.050,Analog circuit fault diagnosis based UCISVM,2015,article,Neurocomputing,35,,36
W2885715656,10.3390/e20080604,Analog Circuit Fault Diagnosis via Joint Cross-Wavelet Singular Entropy and Parametric t-SNE,2018,article,Entropy,30,"In this paper, a novel method with cross-wavelet singular entropy (XWSE)-based feature extractor and support vector machine (SVM) is proposed for analog circuit fault diagnosis. Primarily, cross-wavelet transform (XWT), which possesses a good capability to restrain the environment noise, is applied to transform the fault signal into time-frequency spectra (TFS). Then, a simple segmentation method is utilized to decompose the TFS into several blocks. We employ the singular value decomposition (SVD) to analysis the blocks, then Tsallis entropy of each block is obtained to construct the original features. Subsequently, the features are imported into parametric t-distributed stochastic neighbor embedding (t-SNE) for dimension reduction to yield the discriminative and concise fault characteristics. Finally, the fault characteristics are entered into SVM classifier to locate circuits' defects that the free parameters of SVM are determined by quantum-behaved particle swarm optimization (QPSO). Simulation results show the proposed approach is with superior diagnostic performance than other existing methods.",51
W2036572072,10.1007/s00521-012-0947-9,PSO-optimized modular neural network trained by OWO-HWO algorithm for fault location in analog circuits,2012,article,Neural Computing and Applications,28,,112
W4200191014,10.3390/math9243247,Application of a Pattern-Recognition Neural Network for Detecting Analog Electronic Circuit Faults,2021,article,Mathematics,14,"In this study, machine learning techniques based on the development of a pattern–recognition neural network were used for fault diagnosis in an analog electronic circuit to detect the individual hard faults (open circuits and short circuits) that may arise in a circuit. The ability to determine faults in the circuit was analyzed through the availability of a small number of measurements in the circuit, as test points are generally not accessible for verifying the behavior of all the components of an electronic circuit. It was shown that, despite the existence of a small number of measurements in the circuit that characterize the existing faults, the network based on pattern-recognition functioned adequately for the detection and classification of the hard faults. In addition, once the neural network has been trained, it can be used to analyze the behavior of the circuit versus variations in its components, with a wider range than that used to develop the neural network, in order to analyze the ability of the ANN to predict situations different from those used to train the ANN and to extract valuable information that may explain the behavior of the circuit.",29
W1984354089,10.1007/s10836-012-5344-x,Analog Circuits Fault Detection Using Cross-Entropy Approach,2013,article,Journal of Electronic Testing,17,,16
W1560727761,10.1007/978-3-642-13498-2_7,Application of PSO-Adaptive Neural-fuzzy Inference System (ANFIS) in Analog Circuit Fault Diagnosis,2010,conference-paper,Lecture notes in computer science,9,,9
W2789267725,10.1016/j.measurement.2018.01.029,Hierarchical diagnostics of analog systems based on the ambiguity groups detection,2018,article,Measurement,6,,36
W2330821981,10.1049/ic.2010.0336,A Tabu-Search Based Neuro-Fuzzy Inference System for Fault Diagnosis,2010,conference-paper,,5,"This paper presents a novel hybrid Tabu Search (TS) Subtractive Clustering (SC) based NeuroFuzzy Inference System (ANFIS) design for fault detection. The proposed model uses the TS algorithm to find optimal parameters for Subtractive Clustering (SC) based ANFIS. The developed TS-SC-ANFIS scheme provides critical information about the presence or absence of a fault. The TS being an efficient local search technique, shows remarkable success in finding optimal cluster parameters which proves instrumental in ANFIS training, making it efficient in fault detection. The proposed scheme is evaluated on a laboratory scale coupled-tank system. Fault detection results presented at the end of the paper using fresh set of data show successful diagnosis of most incipient leakage faults in the coupled-tank system.",0
