component,group,cases,recall,e2_confusable
C1,C1,60,1.0,0
C2,C2,60,1.0,0
C3,C3,60,1.0,7
C5,C5+R10,240,0.9041666666666667,5
C6,C6,120,0.975,9
C7,C7,255,0.9607843137254902,3
C8,C8,60,0.25,2
R1,R1,60,1.0,0
R10,C5+R10,120,0.525,5
R11,R5+R6+R11+R12,537,0.6126629422718808,13
R12,R5+R6+R11+R12,536,0.7201492537313433,12
R13,R13+R14,97,0.36082474226804123,5
R14,R13+R14,97,0.41237113402061853,5
R15,R15+R16,248,0.7137096774193549,2
R16,R15+R16,250,0.768,2
R2,R2,60,1.0,0
R3,R3,60,0.8833333333333333,1
R4,R4,60,0.9166666666666666,1
R5,R5+R6+R11+R12,370,0.35945945945945945,4
R6,R5+R6+R11+R12,368,0.3858695652173913,5
R9,R9,60,0.8833333333333333,2
U1,U1,65,0.15384615384615385,4
U4,U4,166,0.9879518072289156,3
