task,added,times_selected,mean_step
decision,cal_pulse,3,1.0
decision,dc_rld_out,3,3.0
decision,leadoff_tone_100,3,3.0
decision,diff_tone_150,3,4.0
decision,leadoff_tone_10,3,4.0
decision,diff_tone_50,2,6.5
decision,diff_tone_0.5,1,6.0
decision,diff_tone_10,1,6.0
decision,cm_tone_10,1,7.0
decision,cm_tone_50,1,7.0
decision,cm_tone_150,1,8.0
decision,dc_ina_out,1,8.0
decision,diff_tone_0.05,1,8.0
localisation,cal_pulse,3,1.0
localisation,dc_ina_out,3,2.6666666666666665
localisation,dc_rld_out,3,2.6666666666666665
localisation,leadoff_tone_10,3,7.0
localisation,cm_tone_150,2,4.5
localisation,diff_tone_150,2,5.0
localisation,cm_tone_10,2,5.5
localisation,cm_tone_50,1,4.0
localisation,diff_tone_50,1,5.0
localisation,cm_tone_0.5,1,6.0
localisation,cm_tone_0.05,1,7.0
localisation,dc_out,1,8.0
localisation,leadoff_tone_100,1,8.0
