parameter,value,training,repeat,n_cases,escape_rate,false_reject_rate,accuracy,balanced_accuracy,localisation_accuracy,localisation_f1_macro,group_accuracy,group_f1_macro
noise_rms,0.0001,matched,0,19920,0.07455994686150781,0.024176140451863577,0.9605923694779116,0.9506319563433143,0.5700763865825307,0.6125749616103392,0.9330787113915643,0.7710114763821045
noise_rms,0.0001,mismatched,0,19920,0.07555629359016938,0.022809037271549863,0.9612449799196787,0.9508173345691404,0.5659249418797742,0.6102875001203892,0.9314181335104617,0.7680847294782878
noise_rms,0.0003,matched,0,19920,0.07754898704749252,0.022737084472585982,0.9606927710843374,0.9498569642399608,0.5677515775489871,0.6107046911563039,0.931584191298572,0.7618508205345587
noise_rms,0.0003,mismatched,0,19920,0.07555629359016938,0.022809037271549863,0.9612449799196787,0.9508173345691404,0.5664231152441049,0.6074922356157257,0.9314181335104617,0.7618450850748746
noise_rms,0.001,matched,0,19920,0.07622052474261043,0.022089509281911068,0.9615461847389558,0.9508449829877392,0.5720690800398539,0.6143372260273572,0.9325805380272335,0.7658520362928074
noise_rms,0.001,mismatched,0,19920,0.07622052474261043,0.022089509281911068,0.9615461847389558,0.9508449829877392,0.5720690800398539,0.6143372260273572,0.9325805380272335,0.7658520362928074
noise_rms,0.003,matched,0,19920,0.07605446695450016,0.02324075406533314,0.960793172690763,0.9503523894900834,0.5667552308203255,0.6030097634838273,0.9279309199601461,0.7539324478902567
noise_rms,0.003,mismatched,0,19920,0.07837927598804384,0.02525543243632177,0.9586847389558233,0.9481826457878172,0.5719030222517436,0.6105743119418958,0.9285951511125872,0.7574634609581008
noise_rms,0.01,matched,0,19920,0.07871139156426436,0.022161462080874945,0.9607429718875502,0.9495635731774303,0.5680836931252076,0.6006985244930237,0.9280969777482564,0.746213393471002
noise_rms,0.01,mismatched,0,19920,0.07157090667552309,0.14167506115987913,0.8795180722891566,0.8933770160822989,0.5411823314513451,0.5693225045721919,0.8937230156094321,0.7041212657834293
bits,8.0,matched,0,19920,0.07555629359016938,0.023312706864297022,0.9608935742971888,0.9505654997727668,0.564596479574892,0.6082621654812691,0.9322484224510129,0.7692379545896133
bits,8.0,mismatched,0,19920,0.06675523082032547,0.04935962008922147,0.9453815261044177,0.9419425745452266,0.5604450348721355,0.5964769171430326,0.9269345732314845,0.7453962582041983
bits,10.0,matched,0,19920,0.07605446695450016,0.022952942869477622,0.9609939759036145,0.9504962950880111,0.5642643639986715,0.6062614648831921,0.9309199601461309,0.7627598970909067
bits,10.0,mismatched,0,19920,0.07688475589505148,0.022449273276730464,0.9610943775100401,0.9503329854141089,0.5697442710063102,0.6116464911825817,0.9327465958153437,0.7647790603950148
bits,12.0,matched,0,19920,0.07622052474261043,0.022089509281911068,0.9615461847389558,0.9508449829877392,0.5720690800398539,0.6143372260273572,0.9325805380272335,0.7658520362928074
bits,12.0,mismatched,0,19920,0.07622052474261043,0.022089509281911068,0.9615461847389558,0.9508449829877392,0.5720690800398539,0.6143372260273572,0.9325805380272335,0.7658520362928074
bits,16.0,matched,0,19920,0.07539023580205911,0.022233414879838827,0.9616967871485944,0.9511881746590509,0.5655928263035537,0.6052781026203744,0.9310860179342411,0.7603792680623802
bits,16.0,mismatched,0,19920,0.0758884091663899,0.022233414879838827,0.9615461847389558,0.9509390879768855,0.570906675523082,0.6105168868335279,0.931584191298572,0.7617143085568595
noise_rms,0.0001,matched,1,19920,0.07249750581975391,0.022364447001294405,0.9625,0.9525690235894759,0.568506817426006,0.6062586418355631,0.9309943465247755,0.7607851211369613
noise_rms,0.0001,mismatched,1,19920,0.07432657133355504,0.02186106716525241,0.9622991967871486,0.9519061807505963,0.5696707682075158,0.6146335319079521,0.9306617891586298,0.7703172883725566
noise_rms,0.0003,matched,1,19920,0.07199866977053541,0.02243635840644326,0.9626004016064257,0.9527824859115106,0.5734951779181909,0.6143136448355,0.9331559694047223,0.7660480548039402
noise_rms,0.0003,mismatched,1,19920,0.07499168606584636,0.022148712785847836,0.9618975903614457,0.9514298005741528,0.5696707682075158,0.612302712375268,0.9319920186232125,0.7680864870633515
noise_rms,0.001,matched,1,19920,0.0734951779181909,0.022148712785847836,0.9623493975903614,0.9521780546479806,0.5683405387429331,0.6168862028606952,0.9331559694047223,0.7748331337573159
noise_rms,0.001,mismatched,1,19920,0.0734951779181909,0.022148712785847836,0.9623493975903614,0.9521780546479806,0.5683405387429331,0.6168862028606952,0.9331559694047223,0.7748331337573159
noise_rms,0.003,matched,1,19920,0.07532424343199202,0.023371206673378397,0.9609437751004016,0.9506522749473147,0.5701696042567342,0.6079377617619969,0.9293315596940472,0.7563826095038677
noise_rms,0.003,mismatched,1,19920,0.07682075157964749,0.031353372644901484,0.9549196787148594,0.9459129378877256,0.5646824077153308,0.6135728842074183,0.931493182573994,0.7741058993264911
noise_rms,0.01,matched,1,19920,0.07565680079813768,0.022508269811592117,0.9614457831325302,0.950917464695135,0.5681742600598604,0.6034054157935734,0.9288327236448287,0.7485269727073084
noise_rms,0.01,mismatched,1,19920,0.061855670103092786,0.19746871853876025,0.8434738955823293,0.8703378056790735,0.5325906218822747,0.566668395421981,0.8851014299966744,0.7071129456870844
bits,8.0,matched,1,19920,0.076321915530429,0.021357687329210413,0.9620481927710843,0.9511601985701803,0.5698370468905887,0.6072765405399284,0.931493182573994,0.7583242835740409
bits,8.0,mismatched,1,19920,0.07565680079813768,0.038472601754638285,0.9503012048192772,0.942935298723612,0.5638510142999668,0.5993805824186187,0.9195211173927502,0.7467532660036773
bits,10.0,matched,1,19920,0.07149983372131692,0.02243635840644326,0.9627510040160643,0.9530319039361199,0.5688393747921516,0.6114462375412935,0.9333222480877952,0.7637488339545884
bits,10.0,mismatched,1,19920,0.07532424343199202,0.02207680138069898,0.9618473895582329,0.9512994775936545,0.5696707682075158,0.6139883759829023,0.9321582973062853,0.7692063161062181
bits,12.0,matched,1,19920,0.0734951779181909,0.022148712785847836,0.9623493975903614,0.9521780546479806,0.5683405387429331,0.6168862028606952,0.9331559694047223,0.7748331337573159
bits,12.0,mismatched,1,19920,0.0734951779181909,0.022148712785847836,0.9623493975903614,0.9521780546479806,0.5683405387429331,0.6168862028606952,0.9331559694047223,0.7748331337573159
bits,16.0,matched,1,19920,0.07266378450282673,0.02186106716525241,0.9628012048192771,0.9527375741659605,0.567509145327569,0.6102962109738094,0.9316594612570669,0.7641997035021697
bits,16.0,mismatched,1,19920,0.07366145660126372,0.022004889975550123,0.9623995983935743,0.952166826711593,0.566511473229132,0.6147763547159982,0.9333222480877952,0.7743782807125001
noise_rms,0.0001,matched,2,19920,0.07731873237099718,0.022169437846397466,0.9611445783132531,0.9502559148913027,0.5676124108179857,0.6108177345253278,0.9321387091421934,0.7654870178046328
noise_rms,0.0001,mismatched,2,19920,0.07665505226480836,0.021593608291945583,0.9617469879518072,0.950875669721623,0.5664509706321553,0.608655096719975,0.9304795088767214,0.7641171672864528
noise_rms,0.0003,matched,2,19920,0.07482993197278912,0.022313395235010438,0.9617971887550201,0.9514283363961002,0.5642940102870416,0.6057391795069651,0.9286543885847022,0.7618805509703194
noise_rms,0.0003,mismatched,2,19920,0.07648913223826116,0.021737565680558554,0.9616967871485944,0.9508866510405902,0.5666168906587025,0.6058564809402683,0.9308113489298159,0.7598212180708293
noise_rms,0.001,matched,2,19920,0.07731873237099718,0.021881523069171526,0.9613453815261044,0.9503998722799156,0.5649576903932305,0.6097497736289272,0.9321387091421934,0.7650394293184326
noise_rms,0.001,mismatched,2,19920,0.07731873237099718,0.021881523069171526,0.9613453815261044,0.9503998722799156,0.5649576903932305,0.6097497736289272,0.9321387091421934,0.7650394293184326
noise_rms,0.003,matched,2,19920,0.07731873237099718,0.02224141654070395,0.9610943775100401,0.9502199255441495,0.5642940102870416,0.6054948409877636,0.9291521486643438,0.7618675807909814
noise_rms,0.003,mismatched,2,19920,0.0781483325037332,0.030590945080256244,0.9550200803212852,0.9456303612080053,0.5641280902604945,0.6071134396680434,0.9298158287705326,0.7633445351017734
noise_rms,0.01,matched,2,19920,0.08063713290194126,0.02195350176347801,0.9602911646586345,0.9487046826672904,0.5636303301808528,0.6026437947659543,0.9278247884519661,0.7530177079368872
noise_rms,0.01,mismatched,2,19920,0.06354737016757922,0.22378176059886273,0.8246987951807229,0.856335434616779,0.5364194458271113,0.5651496143825242,0.8891654222664676,0.7040763742599804
bits,8.0,matched,2,19920,0.0743321718931475,0.022529331317929894,0.9617971887550201,0.9515692483944613,0.5624688899950224,0.6017368952412266,0.9284884685581549,0.7555279713049885
bits,8.0,mismatched,2,19920,0.07300481168076987,0.03721298495645289,0.9519578313253012,0.9448911016813886,0.5649576903932305,0.6032308726453699,0.9256678281068524,0.7510591885533214
bits,10.0,matched,2,19920,0.07698689231790277,0.022889224789462318,0.9607429718875502,0.9500619414463174,0.5672805707648914,0.6029450262423912,0.9286543885847022,0.757934905612189
bits,10.0,mismatched,2,19920,0.07731873237099718,0.022817246095155834,0.9606927710843374,0.9499320107669236,0.5712626514020243,0.6119520293542531,0.9328023892483823,0.767055684128655
bits,12.0,matched,2,19920,0.07731873237099718,0.021881523069171526,0.9613453815261044,0.9503998722799156,0.5649576903932305,0.6097497736289272,0.9321387091421934,0.7650394293184326
bits,12.0,mismatched,2,19920,0.07731873237099718,0.021881523069171526,0.9613453815261044,0.9503998722799156,0.5649576903932305,0.6097497736289272,0.9321387091421934,0.7650394293184326
bits,16.0,matched,2,19920,0.07731873237099718,0.021377672209026127,0.9616967871485944,0.9506517977099884,0.5722581715613074,0.6122046764914697,0.9298158287705326,0.7629024265086501
bits,16.0,mismatched,2,19920,0.07731873237099718,0.02195350176347801,0.9612951807228916,0.9503638829327624,0.5682760909241745,0.6096011904429177,0.9314750290360047,0.7608772019855021
