parameter,value,training,n_cases,n_cases,n_cases,escape_rate,escape_rate,escape_rate,false_reject_rate,false_reject_rate,false_reject_rate,accuracy,accuracy,accuracy,balanced_accuracy,balanced_accuracy,balanced_accuracy,localisation_accuracy,localisation_accuracy,localisation_accuracy,localisation_f1_macro,localisation_f1_macro,localisation_f1_macro,group_accuracy,group_accuracy,group_accuracy,group_f1_macro,group_f1_macro,group_f1_macro
,,,mean,ci_low,ci_high,mean,ci_low,ci_high,mean,ci_low,ci_high,mean,ci_low,ci_high,mean,ci_low,ci_high,mean,ci_low,ci_high,mean,ci_low,ci_high,mean,ci_low,ci_high,mean,ci_low,ci_high
noise_rms,0.0001,matched,19920.0,19920.0,19920.0,0.0747920616840863,0.06878298219469835,0.08080114117347424,0.02290334176651848,0.02015444441468241,0.025652239118354552,0.9614123159303882,0.9589739020860609,0.9638507297747155,0.9511522982746977,0.9480688791570624,0.954235717392333,0.5687318716088408,0.5656333828502892,0.5718303603673923,0.6098837793237434,0.6017852701237209,0.6179822885237659,0.932070589019511,0.9294775198875602,0.9346636581514618,0.7657612051078995,0.7530456785896259,0.778476731626173
noise_rms,0.0001,mismatched,19920.0,19920.0,19920.0,0.07551263906284426,0.07261898098348779,0.07840629714220074,0.022087904242915953,0.020501342843992902,0.023674465641839004,0.9617637215528783,0.9604538168440098,0.9630736262617468,0.9511997283471199,0.9496781924853024,0.9527212642089373,0.5673488935731484,0.5623112344436234,0.5723865527026735,0.6111920429161054,0.603515667460972,0.6188684183712388,0.9308531438486042,0.9296167604994775,0.9320895271977309,0.7675063950457658,0.7597055585191836,0.7753072315723479
noise_rms,0.0003,matched,19920.0,19920.0,19920.0,0.07479252959693902,0.06789818379444412,0.08168687539943392,0.022495612704679896,0.02195414221315358,0.02303708319620621,0.9616967871485945,0.9593175538705254,0.9640760204266636,0.9513559288491905,0.9477188921427462,0.9549929655556348,0.5685135885847399,0.5569681280804607,0.5800590490890191,0.6102525051662563,0.5995580923633355,0.6209469179691771,0.9311315164293322,0.9254560671906602,0.9368069656680043,0.7632598087696061,0.7572612679003282,0.769258349638884
noise_rms,0.0003,mismatched,19920.0,19920.0,19920.0,0.07567903729809229,0.07380045461665291,0.07755761997953167,0.022231771912652087,0.020888988152251778,0.023574555673052396,0.9616131191432397,0.9607827876183239,0.9624434506681554,0.9510445953946278,0.9502114329891298,0.9518777578001258,0.5675702580367744,0.5630449701149285,0.5720955459586203,0.6085504763104207,0.6002264351695608,0.6168745174512806,0.9314071670211633,0.9299405042011204,0.9328738298412063,0.7632509300696851,0.7525486582084445,0.7739532019309258
noise_rms,0.001,matched,19920.0,19920.0,19920.0,0.0756781450105995,0.07078778442103606,0.08056850560016293,0.02203991504564348,0.02169131804977744,0.022388512041509517,0.9617469879518072,0.9604272267855967,0.9630667491180178,0.9511409699718785,0.9488423849109575,0.9534395550327994,0.5684557697253392,0.5596194560759349,0.5772920833747435,0.6136577341723265,0.6046740681659103,0.6226414001787427,0.932625072191383,0.931357937725716,0.9338922066570501,0.7685748664561852,0.755073511779859,0.7820762211325114
noise_rms,0.001,mismatched,19920.0,19920.0,19920.0,0.0756781450105995,0.07078778442103606,0.08056850560016293,0.02203991504564348,0.02169131804977744,0.022388512041509517,0.9617469879518072,0.9604272267855967,0.9630667491180178,0.9511409699718785,0.9488423849109575,0.9534395550327994,0.5684557697253392,0.5596194560759349,0.5772920833747435,0.6136577341723265,0.6046740681659103,0.6226414001787427,0.932625072191383,0.931357937725716,0.9338922066570501,0.7685748664561852,0.755073511779859,0.7820762211325114
noise_rms,0.003,matched,19920.0,19920.0,19920.0,0.07623248091916313,0.07372576161700171,0.07873920022132454,0.022951125759805163,0.021415736019754033,0.024486515499856292,0.9609437751004016,0.960569657975138,0.9613178922256652,0.9504081966605158,0.9498579316616875,0.9509584616593441,0.5670729484547005,0.5597431173820332,0.5744027795273677,0.6054807887445293,0.5993598009070698,0.6116017765819888,0.928804876106179,0.9269115514927494,0.9306982007196086,0.7573942127283685,0.7473008187173755,0.7674876067393614
noise_rms,0.003,mismatched,19920.0,19920.0,19920.0,0.07778278669047484,0.0756933516158832,0.07987222176506648,0.029066583387159835,0.020813046540775905,0.037320120233543766,0.9562081659973227,0.9508787900603543,0.9615375419342912,0.9465753149611826,0.9430996550209821,0.9500509749013831,0.566904506742523,0.5561290500936661,0.57767996339138,0.6104202119391191,0.6023902906580584,0.6184501332201798,0.9299680541523713,0.9263536329170361,0.9335824753877064,0.7649712984621218,0.7440060800814429,0.7859365168428006
noise_rms,0.01,matched,19920.0,19920.0,19920.0,0.07833510842144777,0.07209645053178604,0.0845737663111095,0.022207744551981694,0.02151152779845703,0.02290396130550636,0.960826639892905,0.9593812725778518,0.9622720072079581,0.9497285735132852,0.946957317859466,0.9524998291671044,0.5666294277886402,0.5601764094818207,0.5730824460954598,0.6022492450175171,0.5987816100947894,0.6057168799402448,0.928251496615017,0.9269561899403153,0.9295468032897188,0.7492526913717326,0.7406582661236726,0.7578471166197925
noise_rms,0.01,mismatched,19920.0,19920.0,19920.0,0.06565798231539836,0.052764980171990584,0.07855098445880614,0.18764184676583406,0.08349148604693776,0.29179220748473034,0.8492302543507363,0.7800239416142867,0.9184365670871859,0.8733500854593839,0.8268877402253737,0.919812430693394,0.5367307997202437,0.5260383039016238,0.5474232955388637,0.5670468381255658,0.561800266769741,0.5722934094813905,0.8893299559575247,0.8786155045282003,0.9000444073868492,0.7051035285768313,0.7007802569894712,0.7094268001641915
bits,8.0,matched,19920.0,19920.0,19920.0,0.0754034603379153,0.07291028631984767,0.07789663435598293,0.022399908503812443,0.019955729009321806,0.02484408799830308,0.9615796519410976,0.9600711079941151,0.9630881958880801,0.9510983155791362,0.9498445027085928,0.9523521284496795,0.5656341388201677,0.5562140519518898,0.5750542256884456,0.6057585337541415,0.5970204945616879,0.614496572946595,0.9307433578610539,0.9258024890439666,0.9356842266781412,0.761030069822881,0.7430338902614392,0.7790262493843229
bits,8.0,mismatched,19920.0,19920.0,19920.0,0.07180561443307769,0.06045225101762747,0.08315897784852791,0.041681735600104214,0.02509017047094435,0.05827330072926408,0.9492135207496654,0.9407167383885079,0.9577103031108228,0.943256324983409,0.9395295003615931,0.9469831496052248,0.5630845798551108,0.557242058384021,0.5689271013262007,0.5996961240690071,0.591279825309791,0.6081124228282232,0.9240411729103624,0.914190592004758,0.9338917538159667,0.7477362375870658,0.740391473734981,0.7550810014391505
bits,10.0,matched,19920.0,19920.0,19920.0,0.07484706433123996,0.06755354174169997,0.08214058692077994,0.022759508688461067,0.022059816664644138,0.023459200712277996,0.961495983935743,0.9587780860322896,0.9642138818391963,0.9511967134901494,0.9472119299129297,0.9551814970673692,0.5667947698519048,0.5610169822890855,0.5725725574147241,0.6068842428889589,0.5962404917692113,0.6175279940087065,0.930965532272876,0.9251669004899401,0.936764164055812,0.7614812122192279,0.7537537002451802,0.7692087241932757
bits,10.0,mismatched,19920.0,19920.0,19920.0,0.0765092438993469,0.07390355812125675,0.07911492967743704,0.022447773584195096,0.021528084605770218,0.023367462562619973,0.9612115127175368,0.959755425596912,0.9626675998381616,0.9505214912582289,0.948775260437673,0.9522677220787849,0.5702258968719501,0.5679936318263387,0.5724581619175616,0.6125289655065791,0.6093664449207677,0.6156914860923904,0.9325690941233371,0.9316826232358155,0.9334555650108587,0.7670136868766293,0.761513988251316,0.7725133855019426
bits,12.0,matched,19920.0,19920.0,19920.0,0.0756781450105995,0.07078778442103606,0.08056850560016293,0.02203991504564348,0.02169131804977744,0.022388512041509517,0.9617469879518072,0.9604272267855967,0.9630667491180178,0.9511409699718785,0.9488423849109575,0.9534395550327994,0.5684557697253392,0.5596194560759349,0.5772920833747435,0.6136577341723265,0.6046740681659103,0.6226414001787427,0.932625072191383,0.931357937725716,0.9338922066570501,0.7685748664561852,0.755073511779859,0.7820762211325114
bits,12.0,mismatched,19920.0,19920.0,19920.0,0.0756781450105995,0.07078778442103606,0.08056850560016293,0.02203991504564348,0.02169131804977744,0.022388512041509517,0.9617469879518072,0.9604272267855967,0.9630667491180178,0.9511409699718785,0.9488423849109575,0.9534395550327994,0.5684557697253392,0.5596194560759349,0.5772920833747435,0.6136577341723265,0.6046740681659103,0.6226414001787427,0.932625072191383,0.931357937725716,0.9338922066570501,0.7685748664561852,0.755073511779859,0.7820762211325114
bits,16.0,matched,19920.0,19920.0,19920.0,0.07512425089196101,0.06931423784723151,0.08093426393669051,0.021824051418039125,0.02075818117948027,0.022889921656597978,0.9620649263721553,0.9604809511369732,0.9636489016073375,0.9515258488449999,0.9488352470217646,0.9542164506682352,0.5684533810641433,0.5599289899529889,0.5769777721752978,0.6092596633618844,0.6003720797441875,0.6181472469795813,0.9308537693206135,0.9285099755159073,0.9331975631253197,0.7624937993577333,0.7576678135200045,0.7673197851954622
bits,16.0,mismatched,19920.0,19920.0,19920.0,0.07562286604621693,0.0710444975528983,0.08020123453953557,0.022063935539622315,0.021693785498480243,0.022434085580764387,0.9617469879518072,0.960308811563527,0.9631851643400875,0.9511565992070804,0.9488688514410191,0.9534443469731417,0.5685647465587961,0.5630703964052955,0.5740590967122966,0.6116314773308146,0.6047708865140244,0.6184920681476047,0.9321271561407906,0.9295525506218671,0.934701761659714,0.7656565970849538,0.7468646230258967,0.7844485711440109
