test_data,repeat,n_cases,escape_rate,false_reject_rate,accuracy,balanced_accuracy,localisation_accuracy,localisation_f1_macro,group_accuracy,group_f1_macro
same distribution,0,19920,0.07622052474261043,0.022089509281911068,0.9615461847389558,0.9508449829877392,0.5720690800398539,0.6143372260273572,0.9325805380272335,0.7658520362928074
"truncnorm, R 1%, C 5%",0,13280,0.07032633442954718,0.02498123726814624,0.9615210843373494,0.9523462141511533,0.5904376422969896,0.6204703397562076,0.9299266379964584,0.7575690079175528
"uniform, R 2%, C 10%",0,13280,0.11948404616429056,0.02753639544069518,0.9418674698795181,0.9264897791975071,0.47793618465716226,0.39805061125556057,0.8461190314550804,0.4431998989530376
same distribution,1,19920,0.07382773528433655,0.0212138645189127,0.9629016064257028,0.9524792000983754,0.5690056534752245,0.6123820291811906,0.9321582973062853,0.7673765291813699
"truncnorm, R 1%, C 5%",1,13280,0.07437389324563623,0.023265787498659804,0.9615210843373494,0.951180159627852,0.5841133316468505,0.6268241451478948,0.9344801416645586,0.7773227173122464
"uniform, R 2%, C 10%",1,13280,0.11020592894319982,0.028890644396794944,0.9440512048192771,0.9304517133300026,0.4813306177868296,0.40676180281646135,0.8488345779588142,0.44948405888710224
same distribution,2,19920,0.0783142525302804,0.022529331317929894,0.9605923694779116,0.9495782080758948,0.5677783308445329,0.604616665021067,0.9283225485316078,0.7548348227383461
"truncnorm, R 1%, C 5%",2,13280,0.07589172780166961,0.023909081162217218,0.9606174698795181,0.9500995955180566,0.5922084492790286,0.6294159962974873,0.9322033898305084,0.7698776717018471
"uniform, R 2%, C 10%",2,13280,0.11178999773704458,0.029793477034194785,0.942921686746988,0.9292082626143803,0.479520253451007,0.4059023516326291,0.8499660556687033,0.44918968390335323
