scenario,training,repeat,n_cases,escape_rate,false_reject_rate,accuracy,balanced_accuracy,localisation_accuracy,localisation_f1_macro,group_accuracy,group_f1_macro
"unseen_small (5 %, 10 %)",seen,0,6240,0.13565022421524664,0.008414360508601346,0.9733974358974359,0.927967707638076,0.2141255605381166,0.07383706562374472,0.9775784753363229,0.09886621315192744
"unseen_small (5 %, 10 %)",unseen,0,20800,0.1642361111111111,0.012332589285714285,0.9666346153846154,0.9117156498015873,0.024652777777777777,0.010504858522513833,0.9600694444444444,0.09796279893711249
unseen_middle (20 %),seen,0,3120,0.06521739130434782,0.009749303621169917,0.9730769230769231,0.9625166525372412,0.43478260869565216,0.32918364299047115,0.9761904761904762,0.3060428849902534
unseen_middle (20 %),unseen,0,10400,0.07419847328244275,0.006456140350877193,0.9722115384615385,0.95967269318334,0.017709923664122138,0.014053241928451945,0.8048854961832062,0.10108163054422765
unseen_large (50 %),seen,0,3120,0.015815959741193385,0.03007518796992481,0.9762820512820513,0.9770544261444409,0.7045291157440691,0.5386873838704548,0.9899352983465133,0.5623684520205451
unseen_large (50 %),unseen,0,10400,0.026695371367061356,0.06046915725456125,0.9546153846153846,0.9564177356891888,0.155005382131324,0.08747420752710287,0.7853606027987083,0.29300559567912526
"unseen_small (5 %, 10 %)",seen,1,6240,0.13793103448275862,0.008007448789571695,0.9738782051282051,0.9270307583638349,0.2149425287356322,0.09609583964821264,0.9827586206896551,0.14161490683229813
"unseen_small (5 %, 10 %)",unseen,1,20800,0.17048611111111112,0.012388392857142856,0.9657211538461539,0.908562748015873,0.022569444444444444,0.009138134663622566,0.9673611111111111,0.0983409812919167
unseen_middle (20 %),seen,1,3120,0.054878048780487805,0.00749063670411985,0.9775641025641025,0.9688156572576961,0.43191056910569103,0.30247684831353777,0.975609756097561,0.2554306558475396
unseen_middle (20 %),unseen,1,10400,0.07419847328244275,0.006175438596491228,0.9724038461538461,0.959813044060533,0.01801526717557252,0.014799004657324743,0.814351145038168,0.11281728814269844
unseen_large (50 %),seen,1,3120,0.021505376344086023,0.028985507246376812,0.9743589743589743,0.9747545582047685,0.6831541218637993,0.46187215671163706,0.9792114695340501,0.4852980034473935
unseen_large (50 %),unseen,1,10400,0.030570505920344455,0.0528236316246742,0.9571153846153846,0.9583029312274907,0.15414424111948333,0.08685483259911206,0.7961248654467169,0.29329978590333616
"unseen_small (5 %, 10 %)",seen,2,6240,0.1518987341772152,0.00930925339787749,0.9708333333333333,0.9193960062124537,0.1956271576524741,0.09528246024231556,0.9930955120828538,0.2491339491916859
"unseen_small (5 %, 10 %)",unseen,2,20800,0.1736111111111111,0.01328125,0.9645192307692307,0.9065538194444445,0.025347222222222222,0.010624591008290253,0.9659722222222222,0.09826916283998587
unseen_middle (20 %),seen,2,3120,0.06331658291457286,0.0075294117647058826,0.9746794871794872,0.9645770026603606,0.44321608040201005,0.3206171224951534,0.9748743718592965,0.27294697004240576
unseen_middle (20 %),unseen,2,10400,0.07450381679389313,0.006596491228070175,0.9720192307692308,0.9594498459890184,0.017709923664122138,0.01374307805391821,0.8119083969465649,0.11013066340480325
unseen_large (50 %),seen,2,3120,0.020100502512562814,0.03532136653155762,0.971474358974359,0.9722890654779398,0.6884422110552764,0.4631918805825322,0.9763101220387652,0.48171577322296677
unseen_large (50 %),unseen,2,10400,0.02604951560818084,0.05351867940920938,0.95875,0.9602159024913048,0.15285252960172227,0.09150958377913988,0.783853606027987,0.32853589664188115
