condition,dc_out
healthy,1.6504029304029304
R1:open,1.6532234432234434
R1:short,1.6463736263736264
R1:parametric:-0.5,1.6463736263736264
R1:parametric:-0.2,1.6467765567765569
R1:parametric:-0.1,1.6471794871794871
R1:parametric:-0.05,1.6451648351648354
R1:parametric:+0.05,1.6471794871794871
R1:parametric:+0.1,1.652014652014652
R1:parametric:+0.2,1.6463736263736264
R1:parametric:+0.5,1.6524175824175824
R2:open,1.6447619047619049
R2:short,1.6524175824175824
R2:parametric:-0.5,1.6487912087912089
R2:parametric:-0.2,1.6536263736263737
R2:parametric:-0.1,1.654029304029304
R2:parametric:-0.05,1.647985347985348
R2:parametric:+0.05,1.6487912087912089
R2:parametric:+0.1,1.6495970695970696
R2:parametric:+0.2,1.6491941391941394
R2:parametric:+0.5,1.6463736263736264
R3:open,1.6504029304029304
R3:short,1.6471794871794871
R3:parametric:-0.5,1.6552380952380952
R3:parametric:-0.2,1.647985347985348
R3:parametric:-0.1,1.6463736263736264
R3:parametric:-0.05,1.6491941391941394
R3:parametric:+0.05,1.6552380952380952
R3:parametric:+0.1,1.6483882783882784
R3:parametric:+0.2,1.6495970695970696
R3:parametric:+0.5,1.6516117216117217
R4:open,1.652820512820513
R4:short,1.6512087912087912
R4:parametric:-0.5,1.6487912087912089
R4:parametric:-0.2,1.6467765567765569
R4:parametric:-0.1,1.6455677655677656
R4:parametric:-0.05,1.652820512820513
R4:parametric:+0.05,1.652820512820513
R4:parametric:+0.1,1.6504029304029304
R4:parametric:+0.2,1.650805860805861
R4:parametric:+0.5,1.6495970695970696
C1:open,1.6431501831501831
C1:short,1.6495970695970696
C1:parametric:-0.5,1.6471794871794871
C1:parametric:-0.2,1.652820512820513
C1:parametric:-0.1,1.6504029304029304
C1:parametric:-0.05,1.6467765567765569
C1:parametric:+0.05,1.6536263736263737
C1:parametric:+0.1,1.6483882783882784
C1:parametric:+0.2,1.6536263736263737
C1:parametric:+0.5,1.6536263736263737
C1:cap_degradation:+0.2,1.654835164835165
C1:cap_degradation:+0.5,1.6443589743589744
C2:open,1.65
C2:short,1.6504029304029304
C2:parametric:-0.5,1.647985347985348
C2:parametric:-0.2,1.6504029304029304
C2:parametric:-0.1,1.6536263736263737
C2:parametric:-0.05,1.6504029304029304
C2:parametric:+0.05,1.6471794871794871
C2:parametric:+0.1,1.6524175824175824
C2:parametric:+0.2,1.6447619047619049
C2:parametric:+0.5,1.6512087912087912
C2:cap_degradation:+0.2,1.650805860805861
C2:cap_degradation:+0.5,1.6475824175824174
C3:open,1.647985347985348
C3:short,1.6512087912087912
C3:parametric:-0.5,1.6491941391941394
C3:parametric:-0.2,1.6504029304029304
C3:parametric:-0.1,1.6495970695970696
C3:parametric:-0.05,1.6512087912087912
C3:parametric:+0.05,1.6495970695970696
C3:parametric:+0.1,1.652014652014652
C3:parametric:+0.2,1.652014652014652
C3:parametric:+0.5,1.654029304029304
C3:cap_degradation:+0.2,1.645970695970696
C3:cap_degradation:+0.5,1.6512087912087912
R5:open,1.6455677655677656
R5:short,1.647985347985348
R5:parametric:-0.5,1.6463736263736264
R5:parametric:-0.2,1.656849816849817
R5:parametric:-0.1,1.6463736263736264
R5:parametric:-0.05,1.6467765567765569
R5:parametric:+0.05,1.6524175824175824
R5:parametric:+0.1,1.6487912087912089
R5:parametric:+0.2,1.6536263736263737
R5:parametric:+0.5,1.652014652014652
R6:open,1.654029304029304
R6:short,1.647985347985348
R6:parametric:-0.5,1.6475824175824174
R6:parametric:-0.2,1.6495970695970696
R6:parametric:-0.1,1.6532234432234434
R6:parametric:-0.05,1.6536263736263737
R6:parametric:+0.05,1.6463736263736264
R6:parametric:+0.1,1.6524175824175824
R6:parametric:+0.2,1.6536263736263737
R6:parametric:+0.5,1.652820512820513
R7:open,1.6487912087912089
R7:short,1.6447619047619049
R7:parametric:-0.5,1.6504029304029304
R7:parametric:-0.2,1.6423443223443224
R7:parametric:-0.1,1.6504029304029304
R7:parametric:-0.05,1.6463736263736264
R7:parametric:+0.05,1.6544322344322344
R7:parametric:+0.1,1.6536263736263737
R7:parametric:+0.2,1.6552380952380952
R7:parametric:+0.5,1.6467765567765569
R8:open,1.6504029304029304
R8:short,1.6495970695970696
R8:parametric:-0.5,1.6512087912087912
R8:parametric:-0.2,1.647985347985348
R8:parametric:-0.1,1.6495970695970696
R8:parametric:-0.05,1.6471794871794871
R8:parametric:+0.05,1.6455677655677656
R8:parametric:+0.1,1.6495970695970696
R8:parametric:+0.2,1.6451648351648354
R8:parametric:+0.5,1.6504029304029304
C4:open,1.6447619047619049
C4:short,1.6463736263736264
C4:parametric:-0.5,1.6495970695970696
C4:parametric:-0.2,1.6512087912087912
C4:parametric:-0.1,1.6487912087912089
C4:parametric:-0.05,1.654029304029304
C4:parametric:+0.05,1.6471794871794871
C4:parametric:+0.1,1.6483882783882784
C4:parametric:+0.2,1.6504029304029304
C4:parametric:+0.5,1.6516117216117214
C4:cap_degradation:+0.2,1.6495970695970696
C4:cap_degradation:+0.5,1.6512087912087912
R9:open,1.652820512820513
R9:short,1.6471794871794871
R9:parametric:-0.5,1.6455677655677656
R9:parametric:-0.2,1.652820512820513
R9:parametric:-0.1,1.6475824175824174
R9:parametric:-0.05,1.6495970695970696
R9:parametric:+0.05,1.6487912087912089
R9:parametric:+0.1,1.6487912087912089
R9:parametric:+0.2,1.652014652014652
R9:parametric:+0.5,1.650805860805861
C5:open,1.6512087912087912
C5:short,1.8123809523809524
C5:parametric:-0.5,1.6536263736263737
C5:parametric:-0.2,1.6463736263736264
C5:parametric:-0.1,1.647985347985348
C5:parametric:-0.05,1.652014652014652
C5:parametric:+0.05,1.6504029304029304
C5:parametric:+0.1,1.652014652014652
C5:parametric:+0.2,1.6512087912087912
C5:parametric:+0.5,1.6487912087912089
C5:cap_degradation:+0.2,1.652820512820513
C5:cap_degradation:+0.5,1.6576556776556777
R10:open,1.6467765567765569
R10:short,1.6487912087912089
R10:parametric:-0.5,1.6471794871794871
R10:parametric:-0.2,1.652014652014652
R10:parametric:-0.1,1.6495970695970696
R10:parametric:-0.05,1.647985347985348
R10:parametric:+0.05,1.6463736263736264
R10:parametric:+0.1,1.6439560439560439
R10:parametric:+0.2,1.65
R10:parametric:+0.5,1.647985347985348
R11:open,1.6495970695970696
R11:short,0.9682417582417583
R11:parametric:-0.5,1.656849816849817
R11:parametric:-0.2,1.652014652014652
R11:parametric:-0.1,1.645970695970696
R11:parametric:-0.05,1.6504029304029304
R11:parametric:+0.05,1.647985347985348
R11:parametric:+0.1,1.647985347985348
R11:parametric:+0.2,1.6512087912087912
R11:parametric:+0.5,1.6495970695970696
R12:open,3.249230769230769
R12:short,1.6504029304029304
R12:parametric:-0.5,1.652014652014652
R12:parametric:-0.2,1.6487912087912089
R12:parametric:-0.1,1.652014652014652
R12:parametric:-0.05,1.6487912087912089
R12:parametric:+0.05,1.6487912087912089
R12:parametric:+0.1,1.6471794871794871
R12:parametric:+0.2,1.6495970695970696
R12:parametric:+0.5,1.650805860805861
R13:open,1.6463736263736264
R13:short,1.6544322344322344
R13:parametric:-0.5,1.6524175824175824
R13:parametric:-0.2,1.6504029304029304
R13:parametric:-0.1,1.6504029304029304
R13:parametric:-0.05,1.6447619047619049
R13:parametric:+0.05,1.6455677655677656
R13:parametric:+0.1,1.6487912087912089
R13:parametric:+0.2,1.6439560439560439
R13:parametric:+0.5,1.6455677655677656
R14:open,1.6487912087912089
R14:short,1.6504029304029304
R14:parametric:-0.5,1.6475824175824174
R14:parametric:-0.2,1.6487912087912089
R14:parametric:-0.1,1.6495970695970696
R14:parametric:-0.05,1.6495970695970696
R14:parametric:+0.05,1.6536263736263737
R14:parametric:+0.1,1.6471794871794871
R14:parametric:+0.2,1.6491941391941394
R14:parametric:+0.5,1.6487912087912089
C6:open,1.6512087912087912
C6:short,1.3832600732600733
C6:parametric:-0.5,1.6544322344322344
C6:parametric:-0.2,1.6447619047619049
C6:parametric:-0.1,1.652820512820513
C6:parametric:-0.05,1.6495970695970696
C6:parametric:+0.05,1.6512087912087912
C6:parametric:+0.1,1.65
C6:parametric:+0.2,1.645970695970696
C6:parametric:+0.5,1.6491941391941394
C6:cap_degradation:+0.2,1.6487912087912089
C6:cap_degradation:+0.5,1.647985347985348
C7:open,1.647985347985348
C7:short,0.04996336996336996
C7:parametric:-0.5,1.6471794871794871
C7:parametric:-0.2,1.6495970695970696
C7:parametric:-0.1,1.6504029304029304
C7:parametric:-0.05,1.6471794871794871
C7:parametric:+0.05,1.647985347985348
C7:parametric:+0.1,1.650805860805861
C7:parametric:+0.2,1.6455677655677656
C7:parametric:+0.5,1.6487912087912089
C7:cap_degradation:+0.2,1.650805860805861
C7:cap_degradation:+0.5,1.6512087912087912
R15:open,0.05238095238095238
R15:short,3.2484249084249086
R15:parametric:-0.5,2.2004029304029302
R15:parametric:-0.2,1.8341391941391942
R15:parametric:-0.1,1.7342124542124542
R15:parametric:-0.05,1.6943223443223443
R15:parametric:+0.05,1.606886446886447
R15:parametric:+0.1,1.5714285714285714
R15:parametric:+0.2,1.4980952380952381
R15:parametric:+0.5,1.32
R16:open,3.2447985347985346
R16:short,0.05076923076923077
R16:parametric:-0.5,1.0963736263736266
R16:parametric:-0.2,1.4674725274725275
R16:parametric:-0.1,1.5609523809523809
R16:parametric:-0.05,1.6097069597069598
R16:parametric:+0.05,1.689084249084249
R16:parametric:+0.1,1.7285714285714286
R16:parametric:+0.2,1.799084249084249
R16:parametric:+0.5,1.981208791208791
C8:open,1.6491941391941394
C8:short,0.05076923076923077
C8:parametric:-0.5,1.652014652014652
C8:parametric:-0.2,1.6471794871794871
C8:parametric:-0.1,1.652014652014652
C8:parametric:-0.05,1.6512087912087912
C8:parametric:+0.05,1.6451648351648354
C8:parametric:+0.1,1.6491941391941394
C8:parametric:+0.2,1.6495970695970696
C8:parametric:+0.5,1.6447619047619049
C8:cap_degradation:+0.2,1.6495970695970696
C8:cap_degradation:+0.5,1.6504029304029304
U2:opamp_vos:+0.02,1.6471794871794871
U2:opamp_vos:+0.05,1.6487912087912089
U2:opamp_aol:+0.01,1.6471794871794871
U2:opamp_aol:+0.001,1.6495970695970696
U3:opamp_vos:+0.02,1.6512087912087912
U3:opamp_vos:+0.05,1.647985347985348
U3:opamp_aol:+0.01,1.6467765567765569
U3:opamp_aol:+0.001,1.652820512820513
U4:opamp_vos:+0.02,3.0284249084249084
U4:opamp_vos:+0.05,3.249230769230769
U4:opamp_aol:+0.01,1.6342857142857143
U4:opamp_aol:+0.001,1.5456410256410256
U5:opamp_vos:+0.02,1.6721611721611722
U5:opamp_vos:+0.05,1.6995604395604396
U5:opamp_aol:+0.01,1.6455677655677656
U5:opamp_aol:+0.001,1.6504029304029304
U6:opamp_vos:+0.02,1.671758241758242
U6:opamp_vos:+0.05,1.6995604395604396
U6:opamp_aol:+0.01,1.6544322344322344
U6:opamp_aol:+0.001,1.6471794871794871
U1:ina_vos:+0.005,1.652014652014652
U1:ina_vos:+0.02,1.6504029304029304
U1:ina_cmrr:+70,1.6504029304029304
U1:ina_cmrr:+50,1.6524175824175824
U1:ina_gain:-0.05,1.6504029304029304
U1:ina_gain:-0.2,1.6495970695970696
la:electrode_off,1.6487912087912089
ra:electrode_off,1.650805860805861
rl:electrode_off,1.65
la:electrode_high_z:+5,1.652820512820513
la:electrode_high_z:+20,1.6495970695970696
ra:electrode_high_z:+5,1.6512087912087912
ra:electrode_high_z:+20,1.647985347985348
rl:electrode_high_z:+5,1.65
rl:electrode_high_z:+20,1.6495970695970696
la+ra:electrode_high_z:+5,1.652820512820513
la+ra:electrode_high_z:+20,1.6512087912087912
