condition,dc_out,dc_ina_out,dc_rld_out
healthy,1.6504029304029304,1.6495970695970696,1.6504029304029304
R1:open,1.6532234432234434,1.6495970695970696,1.65
R1:short,1.6463736263736264,1.6495970695970696,1.6495970695970696
R1:parametric:-0.5,1.6463736263736264,1.6487912087912089,1.6504029304029304
R1:parametric:-0.2,1.6467765567765569,1.6556410256410254,1.6495970695970696
R1:parametric:-0.1,1.6471794871794871,1.652014652014652,1.6495970695970696
R1:parametric:-0.05,1.6451648351648354,1.6524175824175824,1.6512087912087912
R1:parametric:+0.05,1.6471794871794871,1.6491941391941394,1.6504029304029304
R1:parametric:+0.1,1.652014652014652,1.6495970695970696,1.6504029304029304
R1:parametric:+0.2,1.6463736263736264,1.6471794871794871,1.65
R1:parametric:+0.5,1.6524175824175824,1.65,1.6504029304029304
R2:open,1.6447619047619049,1.6495970695970696,1.6495970695970696
R2:short,1.6524175824175824,1.6491941391941394,1.6512087912087912
R2:parametric:-0.5,1.6487912087912089,1.6512087912087912,1.6487912087912089
R2:parametric:-0.2,1.6536263736263737,1.6504029304029304,1.6504029304029304
R2:parametric:-0.1,1.654029304029304,1.6487912087912089,1.6487912087912089
R2:parametric:-0.05,1.647985347985348,1.6495970695970696,1.6487912087912089
R2:parametric:+0.05,1.6487912087912089,1.6495970695970696,1.6495970695970696
R2:parametric:+0.1,1.6495970695970696,1.6504029304029304,1.6495970695970696
R2:parametric:+0.2,1.6491941391941394,1.652014652014652,1.6491941391941394
R2:parametric:+0.5,1.6463736263736264,1.652014652014652,1.6504029304029304
R3:open,1.6504029304029304,1.6512087912087912,1.6504029304029304
R3:short,1.6471794871794871,1.647985347985348,1.6487912087912089
R3:parametric:-0.5,1.6552380952380952,1.652820512820513,1.6504029304029304
R3:parametric:-0.2,1.647985347985348,1.6512087912087912,1.6495970695970696
R3:parametric:-0.1,1.6463736263736264,1.647985347985348,1.650805860805861
R3:parametric:-0.05,1.6491941391941394,1.6504029304029304,1.6495970695970696
R3:parametric:+0.05,1.6552380952380952,1.652014652014652,1.6495970695970696
R3:parametric:+0.1,1.6483882783882784,1.65,1.6495970695970696
R3:parametric:+0.2,1.6495970695970696,1.6504029304029304,1.6487912087912089
R3:parametric:+0.5,1.6516117216117217,1.65,1.6504029304029304
R4:open,1.652820512820513,1.6475824175824174,1.6512087912087912
R4:short,1.6512087912087912,1.6512087912087912,1.6504029304029304
R4:parametric:-0.5,1.6487912087912089,1.6504029304029304,1.6495970695970696
R4:parametric:-0.2,1.6467765567765569,1.6504029304029304,1.6487912087912089
R4:parametric:-0.1,1.6455677655677656,1.6524175824175824,1.650805860805861
R4:parametric:-0.05,1.652820512820513,1.6504029304029304,1.6487912087912089
R4:parametric:+0.05,1.652820512820513,1.652014652014652,1.6495970695970696
R4:parametric:+0.1,1.6504029304029304,1.6504029304029304,1.6504029304029304
R4:parametric:+0.2,1.650805860805861,1.6491941391941394,1.6491941391941394
R4:parametric:+0.5,1.6495970695970696,1.6504029304029304,1.6495970695970696
C1:open,1.6431501831501831,1.6504029304029304,1.6504029304029304
C1:short,1.6495970695970696,0.04996336996336996,3.25003663003663
C1:parametric:-0.5,1.6471794871794871,1.6487912087912089,1.6495970695970696
C1:parametric:-0.2,1.652820512820513,1.647985347985348,1.6495970695970696
C1:parametric:-0.1,1.6504029304029304,1.6495970695970696,1.6512087912087912
C1:parametric:-0.05,1.6467765567765569,1.6447619047619049,1.6495970695970696
C1:parametric:+0.05,1.6536263736263737,1.6524175824175824,1.6516117216117214
C1:parametric:+0.1,1.6483882783882784,1.6491941391941394,1.6512087912087912
C1:parametric:+0.2,1.6536263736263737,1.6491941391941394,1.6504029304029304
C1:parametric:+0.5,1.6536263736263737,1.6536263736263737,1.6504029304029304
C1:cap_degradation:+0.2,1.654835164835165,1.6483882783882784,1.6512087912087912
C1:cap_degradation:+0.5,1.6443589743589744,1.6536263736263737,1.6495970695970696
C2:open,1.65,1.6512087912087912,1.6512087912087912
C2:short,1.6504029304029304,3.249230769230769,3.25003663003663
C2:parametric:-0.5,1.647985347985348,1.6491941391941394,1.6495970695970696
C2:parametric:-0.2,1.6504029304029304,1.652014652014652,1.6512087912087912
C2:parametric:-0.1,1.6536263736263737,1.6471794871794871,1.6495970695970696
C2:parametric:-0.05,1.6504029304029304,1.6504029304029304,1.6504029304029304
C2:parametric:+0.05,1.6471794871794871,1.6504029304029304,1.6495970695970696
C2:parametric:+0.1,1.6524175824175824,1.6544322344322344,1.6487912087912089
C2:parametric:+0.2,1.6447619047619049,1.647985347985348,1.6487912087912089
C2:parametric:+0.5,1.6512087912087912,1.6487912087912089,1.6504029304029304
C2:cap_degradation:+0.2,1.650805860805861,1.65,1.6495970695970696
C2:cap_degradation:+0.5,1.6475824175824174,1.6504029304029304,1.6495970695970696
C3:open,1.647985347985348,1.652820512820513,1.6504029304029304
C3:short,1.6512087912087912,1.6495970695970696,1.647985347985348
C3:parametric:-0.5,1.6491941391941394,1.6495970695970696,1.6491941391941394
C3:parametric:-0.2,1.6504029304029304,1.6487912087912089,1.6495970695970696
C3:parametric:-0.1,1.6495970695970696,1.647985347985348,1.6495970695970696
C3:parametric:-0.05,1.6512087912087912,1.6504029304029304,1.6495970695970696
C3:parametric:+0.05,1.6495970695970696,1.6495970695970696,1.6504029304029304
C3:parametric:+0.1,1.652014652014652,1.6487912087912089,1.6495970695970696
C3:parametric:+0.2,1.652014652014652,1.6512087912087912,1.6504029304029304
C3:parametric:+0.5,1.654029304029304,1.6487912087912089,1.6504029304029304
C3:cap_degradation:+0.2,1.645970695970696,1.650805860805861,1.6504029304029304
C3:cap_degradation:+0.5,1.6512087912087912,1.6495970695970696,1.6504029304029304
R5:open,1.6455677655677656,1.6504029304029304,1.647985347985348
R5:short,1.647985347985348,1.6512087912087912,1.6495970695970696
R5:parametric:-0.5,1.6463736263736264,1.647985347985348,1.6504029304029304
R5:parametric:-0.2,1.656849816849817,1.6512087912087912,1.6504029304029304
R5:parametric:-0.1,1.6463736263736264,1.6495970695970696,1.6512087912087912
R5:parametric:-0.05,1.6467765567765569,1.6495970695970696,1.6504029304029304
R5:parametric:+0.05,1.6524175824175824,1.6512087912087912,1.6495970695970696
R5:parametric:+0.1,1.6487912087912089,1.6495970695970696,1.6495970695970696
R5:parametric:+0.2,1.6536263736263737,1.6487912087912089,1.6487912087912089
R5:parametric:+0.5,1.652014652014652,1.6504029304029304,1.6495970695970696
R6:open,1.654029304029304,1.6495970695970696,1.6512087912087912
R6:short,1.647985347985348,1.6487912087912089,1.65
R6:parametric:-0.5,1.6475824175824174,1.6455677655677656,1.6495970695970696
R6:parametric:-0.2,1.6495970695970696,1.652820512820513,1.6504029304029304
R6:parametric:-0.1,1.6532234432234434,1.6504029304029304,1.647985347985348
R6:parametric:-0.05,1.6536263736263737,1.6495970695970696,1.6487912087912089
R6:parametric:+0.05,1.6463736263736264,1.6504029304029304,1.6504029304029304
R6:parametric:+0.1,1.6524175824175824,1.65,1.6504029304029304
R6:parametric:+0.2,1.6536263736263737,1.647985347985348,1.6495970695970696
R6:parametric:+0.5,1.652820512820513,1.6487912087912089,1.6495970695970696
R7:open,1.6487912087912089,1.6495970695970696,1.6495970695970696
R7:short,1.6447619047619049,1.6512087912087912,1.6512087912087912
R7:parametric:-0.5,1.6504029304029304,1.647985347985348,1.6512087912087912
R7:parametric:-0.2,1.6423443223443224,1.6495970695970696,1.6495970695970696
R7:parametric:-0.1,1.6504029304029304,1.6487912087912089,1.6504029304029304
R7:parametric:-0.05,1.6463736263736264,1.6463736263736264,1.6495970695970696
R7:parametric:+0.05,1.6544322344322344,1.6512087912087912,1.6504029304029304
R7:parametric:+0.1,1.6536263736263737,1.6512087912087912,1.6504029304029304
R7:parametric:+0.2,1.6552380952380952,1.6491941391941394,1.6512087912087912
R7:parametric:+0.5,1.6467765567765569,1.6491941391941394,1.6495970695970696
R8:open,1.6504029304029304,1.652820512820513,1.6495970695970696
R8:short,1.6495970695970696,1.6512087912087912,1.647985347985348
R8:parametric:-0.5,1.6512087912087912,1.6495970695970696,1.6487912087912089
R8:parametric:-0.2,1.647985347985348,1.652014652014652,1.6495970695970696
R8:parametric:-0.1,1.6495970695970696,1.6504029304029304,1.6504029304029304
R8:parametric:-0.05,1.6471794871794871,1.652820512820513,1.6512087912087912
R8:parametric:+0.05,1.6455677655677656,1.6487912087912089,1.6495970695970696
R8:parametric:+0.1,1.6495970695970696,1.6487912087912089,1.647985347985348
R8:parametric:+0.2,1.6451648351648354,1.647985347985348,1.6495970695970696
R8:parametric:+0.5,1.6504029304029304,1.6504029304029304,1.652014652014652
C4:open,1.6447619047619049,1.6512087912087912,1.6487912087912089
C4:short,1.6463736263736264,1.6504029304029304,1.6495970695970696
C4:parametric:-0.5,1.6495970695970696,1.6495970695970696,1.6504029304029304
C4:parametric:-0.2,1.6512087912087912,1.6487912087912089,1.6512087912087912
C4:parametric:-0.1,1.6487912087912089,1.6504029304029304,1.6504029304029304
C4:parametric:-0.05,1.654029304029304,1.6504029304029304,1.650805860805861
C4:parametric:+0.05,1.6471794871794871,1.6495970695970696,1.6504029304029304
C4:parametric:+0.1,1.6483882783882784,1.65,1.6495970695970696
C4:parametric:+0.2,1.6504029304029304,1.6495970695970696,1.6504029304029304
C4:parametric:+0.5,1.6516117216117214,1.6487912087912089,1.6504029304029304
C4:cap_degradation:+0.2,1.6495970695970696,1.6504029304029304,1.6495970695970696
C4:cap_degradation:+0.5,1.6512087912087912,1.6495970695970696,1.6495970695970696
R9:open,1.652820512820513,1.6504029304029304,1.6391208791208791
R9:short,1.6471794871794871,1.6495970695970696,1.6495970695970696
R9:parametric:-0.5,1.6455677655677656,1.6487912087912089,1.6487912087912089
R9:parametric:-0.2,1.652820512820513,1.650805860805861,1.6504029304029304
R9:parametric:-0.1,1.6475824175824174,1.6483882783882784,1.6483882783882784
R9:parametric:-0.05,1.6495970695970696,1.6471794871794871,1.6504029304029304
R9:parametric:+0.05,1.6487912087912089,1.6536263736263737,1.65
R9:parametric:+0.1,1.6487912087912089,1.6512087912087912,1.6487912087912089
R9:parametric:+0.2,1.652014652014652,1.6471794871794871,1.6495970695970696
R9:parametric:+0.5,1.650805860805861,1.6504029304029304,1.652014652014652
C5:open,1.6512087912087912,1.6463736263736264,1.6512087912087912
C5:short,1.8123809523809524,1.6512087912087912,1.6504029304029304
C5:parametric:-0.5,1.6536263736263737,1.6512087912087912,1.6504029304029304
C5:parametric:-0.2,1.6463736263736264,1.6471794871794871,1.652014652014652
C5:parametric:-0.1,1.647985347985348,1.652014652014652,1.6504029304029304
C5:parametric:-0.05,1.652014652014652,1.6504029304029304,1.6495970695970696
C5:parametric:+0.05,1.6504029304029304,1.650805860805861,1.6495970695970696
C5:parametric:+0.1,1.652014652014652,1.647985347985348,1.6495970695970696
C5:parametric:+0.2,1.6512087912087912,1.6512087912087912,1.6512087912087912
C5:parametric:+0.5,1.6487912087912089,1.6483882783882784,1.6504029304029304
C5:cap_degradation:+0.2,1.652820512820513,1.65,1.6512087912087912
C5:cap_degradation:+0.5,1.6576556776556777,1.652820512820513,1.6491941391941394
R10:open,1.6467765567765569,1.6495970695970696,1.6504029304029304
R10:short,1.6487912087912089,1.6487912087912089,1.6495970695970696
R10:parametric:-0.5,1.6471794871794871,1.6495970695970696,1.6504029304029304
R10:parametric:-0.2,1.652014652014652,1.6516117216117214,1.647985347985348
R10:parametric:-0.1,1.6495970695970696,1.647985347985348,1.6495970695970696
R10:parametric:-0.05,1.647985347985348,1.652820512820513,1.6495970695970696
R10:parametric:+0.05,1.6463736263736264,1.6495970695970696,1.6495970695970696
R10:parametric:+0.1,1.6439560439560439,1.6471794871794871,1.6504029304029304
R10:parametric:+0.2,1.65,1.6483882783882784,1.650805860805861
R10:parametric:+0.5,1.647985347985348,1.652014652014652,1.6504029304029304
R11:open,1.6495970695970696,1.647985347985348,1.6504029304029304
R11:short,0.9682417582417583,1.6463736263736264,1.6504029304029304
R11:parametric:-0.5,1.656849816849817,1.6487912087912089,1.6487912087912089
R11:parametric:-0.2,1.652014652014652,1.6512087912087912,1.6495970695970696
R11:parametric:-0.1,1.645970695970696,1.6463736263736264,1.647985347985348
R11:parametric:-0.05,1.6504029304029304,1.6491941391941394,1.6504029304029304
R11:parametric:+0.05,1.647985347985348,1.6495970695970696,1.6504029304029304
R11:parametric:+0.1,1.647985347985348,1.6504029304029304,1.6504029304029304
R11:parametric:+0.2,1.6512087912087912,1.6471794871794871,1.6512087912087912
R11:parametric:+0.5,1.6495970695970696,1.6487912087912089,1.6495970695970696
R12:open,3.249230769230769,1.65,1.6504029304029304
R12:short,1.6504029304029304,1.6512087912087912,1.65
R12:parametric:-0.5,1.652014652014652,1.647985347985348,1.652014652014652
R12:parametric:-0.2,1.6487912087912089,1.6504029304029304,1.6495970695970696
R12:parametric:-0.1,1.652014652014652,1.647985347985348,1.6512087912087912
R12:parametric:-0.05,1.6487912087912089,1.6483882783882784,1.6495970695970696
R12:parametric:+0.05,1.6487912087912089,1.6495970695970696,1.6512087912087912
R12:parametric:+0.1,1.6471794871794871,1.6463736263736264,1.6495970695970696
R12:parametric:+0.2,1.6495970695970696,1.647985347985348,1.6504029304029304
R12:parametric:+0.5,1.650805860805861,1.650805860805861,1.6495970695970696
R13:open,1.6463736263736264,1.6487912087912089,1.6495970695970696
R13:short,1.6544322344322344,1.647985347985348,1.6504029304029304
R13:parametric:-0.5,1.6524175824175824,1.6536263736263737,1.6495970695970696
R13:parametric:-0.2,1.6504029304029304,1.6512087912087912,1.6512087912087912
R13:parametric:-0.1,1.6504029304029304,1.6487912087912089,1.6495970695970696
R13:parametric:-0.05,1.6447619047619049,1.6495970695970696,1.6512087912087912
R13:parametric:+0.05,1.6455677655677656,1.6487912087912089,1.6504029304029304
R13:parametric:+0.1,1.6487912087912089,1.647985347985348,1.6504029304029304
R13:parametric:+0.2,1.6439560439560439,1.6491941391941394,1.6495970695970696
R13:parametric:+0.5,1.6455677655677656,1.6487912087912089,1.6495970695970696
R14:open,1.6487912087912089,1.6495970695970696,1.6487912087912089
R14:short,1.6504029304029304,1.6512087912087912,1.6504029304029304
R14:parametric:-0.5,1.6475824175824174,1.6504029304029304,1.6504029304029304
R14:parametric:-0.2,1.6487912087912089,1.652014652014652,1.6495970695970696
R14:parametric:-0.1,1.6495970695970696,1.6512087912087912,1.6504029304029304
R14:parametric:-0.05,1.6495970695970696,1.6487912087912089,1.6512087912087912
R14:parametric:+0.05,1.6536263736263737,1.652014652014652,1.6512087912087912
R14:parametric:+0.1,1.6471794871794871,1.6471794871794871,1.6512087912087912
R14:parametric:+0.2,1.6491941391941394,1.6512087912087912,1.65
R14:parametric:+0.5,1.6487912087912089,1.647985347985348,1.6504029304029304
C6:open,1.6512087912087912,1.6463736263736264,1.6495970695970696
C6:short,1.3832600732600733,1.65,1.650805860805861
C6:parametric:-0.5,1.6544322344322344,1.6487912087912089,1.6512087912087912
C6:parametric:-0.2,1.6447619047619049,1.6504029304029304,1.6487912087912089
C6:parametric:-0.1,1.652820512820513,1.6495970695970696,1.6504029304029304
C6:parametric:-0.05,1.6495970695970696,1.652014652014652,1.6504029304029304
C6:parametric:+0.05,1.6512087912087912,1.647985347985348,1.650805860805861
C6:parametric:+0.1,1.65,1.6524175824175824,1.6504029304029304
C6:parametric:+0.2,1.645970695970696,1.6487912087912089,1.6504029304029304
C6:parametric:+0.5,1.6491941391941394,1.6512087912087912,1.6504029304029304
C6:cap_degradation:+0.2,1.6487912087912089,1.6495970695970696,1.647985347985348
C6:cap_degradation:+0.5,1.647985347985348,1.6504029304029304,1.6512087912087912
C7:open,1.647985347985348,1.6471794871794871,1.6491941391941394
C7:short,0.04996336996336996,1.6463736263736264,1.6495970695970696
C7:parametric:-0.5,1.6471794871794871,1.6495970695970696,1.6512087912087912
C7:parametric:-0.2,1.6495970695970696,1.6512087912087912,1.6504029304029304
C7:parametric:-0.1,1.6504029304029304,1.6471794871794871,1.6495970695970696
C7:parametric:-0.05,1.6471794871794871,1.6471794871794871,1.647985347985348
C7:parametric:+0.05,1.647985347985348,1.6487912087912089,1.6504029304029304
C7:parametric:+0.1,1.650805860805861,1.6495970695970696,1.6495970695970696
C7:parametric:+0.2,1.6455677655677656,1.6504029304029304,1.6487912087912089
C7:parametric:+0.5,1.6487912087912089,1.6504029304029304,1.6512087912087912
C7:cap_degradation:+0.2,1.650805860805861,1.6471794871794871,1.647985347985348
C7:cap_degradation:+0.5,1.6512087912087912,1.6504029304029304,1.6495970695970696
R15:open,0.05238095238095238,0.04996336996336996,0.04996336996336996
R15:short,3.2484249084249086,3.25003663003663,3.25003663003663
R15:parametric:-0.5,2.2004029304029302,2.1975824175824177,2.2
R15:parametric:-0.2,1.8341391941391942,1.8317216117216117,1.8317216117216117
R15:parametric:-0.1,1.7342124542124542,1.7382417582417582,1.7382417582417582
R15:parametric:-0.05,1.6943223443223443,1.693919413919414,1.6923076923076923
R15:parametric:+0.05,1.606886446886447,1.6105128205128205,1.6089010989010988
R15:parametric:+0.1,1.5714285714285714,1.569010989010989,1.5714285714285714
R15:parametric:+0.2,1.4980952380952381,1.498901098901099,1.4997069597069597
R15:parametric:+0.5,1.32,1.3232234432234433,1.32
R16:open,3.2447985347985346,3.25003663003663,3.25003663003663
R16:short,0.05076923076923077,0.04996336996336996,0.04996336996336996
R16:parametric:-0.5,1.0963736263736266,1.0975824175824176,1.1
R16:parametric:-0.2,1.4674725274725275,1.4666666666666666,1.4658608058608058
R16:parametric:-0.1,1.5609523809523809,1.5649816849816849,1.5633699633699634
R16:parametric:-0.05,1.6097069597069598,1.61010989010989,1.6084981684981685
R16:parametric:+0.05,1.689084249084249,1.689084249084249,1.689084249084249
R16:parametric:+0.1,1.7285714285714286,1.7261538461538461,1.726959706959707
R16:parametric:+0.2,1.799084249084249,1.8015018315018314,1.8002930402930404
R16:parametric:+0.5,1.981208791208791,1.9824175824175825,1.9808058608058607
C8:open,1.6491941391941394,1.6504029304029304,1.6487912087912089
C8:short,0.05076923076923077,0.04996336996336996,0.04996336996336996
C8:parametric:-0.5,1.652014652014652,1.652820512820513,1.6487912087912089
C8:parametric:-0.2,1.6471794871794871,1.647985347985348,1.6495970695970696
C8:parametric:-0.1,1.652014652014652,1.647985347985348,1.6495970695970696
C8:parametric:-0.05,1.6512087912087912,1.6512087912087912,1.6495970695970696
C8:parametric:+0.05,1.6451648351648354,1.6475824175824174,1.6487912087912089
C8:parametric:+0.1,1.6491941391941394,1.6491941391941394,1.6512087912087912
C8:parametric:+0.2,1.6495970695970696,1.652014652014652,1.6495970695970696
C8:parametric:+0.5,1.6447619047619049,1.6483882783882784,1.6504029304029304
C8:cap_degradation:+0.2,1.6495970695970696,1.6487912087912089,1.6495970695970696
C8:cap_degradation:+0.5,1.6504029304029304,1.6512087912087912,1.6495970695970696
U2:opamp_vos:+0.02,1.6471794871794871,1.6495970695970696,1.6286446886446886
U2:opamp_vos:+0.05,1.6487912087912089,1.652014652014652,1.5972161172161172
U2:opamp_aol:+0.01,1.6471794871794871,1.6495970695970696,1.6495970695970696
U2:opamp_aol:+0.001,1.6495970695970696,1.647985347985348,1.652014652014652
U3:opamp_vos:+0.02,1.6512087912087912,1.650805860805861,1.6721611721611722
U3:opamp_vos:+0.05,1.647985347985348,1.650805860805861,1.7027838827838828
U3:opamp_aol:+0.01,1.6467765567765569,1.65,1.65
U3:opamp_aol:+0.001,1.652820512820513,1.6491941391941394,1.647985347985348
U4:opamp_vos:+0.02,3.0284249084249084,1.6512087912087912,1.6491941391941394
U4:opamp_vos:+0.05,3.249230769230769,1.6495970695970696,1.6504029304029304
U4:opamp_aol:+0.01,1.6342857142857143,1.6512087912087912,1.6487912087912089
U4:opamp_aol:+0.001,1.5456410256410256,1.6455677655677656,1.6487912087912089
U5:opamp_vos:+0.02,1.6721611721611722,1.6495970695970696,1.6504029304029304
U5:opamp_vos:+0.05,1.6995604395604396,1.6463736263736264,1.6504029304029304
U5:opamp_aol:+0.01,1.6455677655677656,1.6463736263736264,1.6495970695970696
U5:opamp_aol:+0.001,1.6504029304029304,1.6487912087912089,1.6504029304029304
U6:opamp_vos:+0.02,1.671758241758242,1.6713553113553115,1.6705494505494505
U6:opamp_vos:+0.05,1.6995604395604396,1.697948717948718,1.6995604395604396
U6:opamp_aol:+0.01,1.6544322344322344,1.6504029304029304,1.6504029304029304
U6:opamp_aol:+0.001,1.6471794871794871,1.6471794871794871,1.6467765567765569
U1:ina_vos:+0.005,1.652014652014652,1.6697435897435897,1.647985347985348
U1:ina_vos:+0.02,1.6504029304029304,1.730989010989011,1.6399267399267399
U1:ina_cmrr:+70,1.6504029304029304,1.6487912087912089,1.6495970695970696
U1:ina_cmrr:+50,1.6524175824175824,1.6495970695970696,1.6491941391941394
U1:ina_gain:-0.05,1.6504029304029304,1.647985347985348,1.6495970695970696
U1:ina_gain:-0.2,1.6495970695970696,1.6495970695970696,1.6495970695970696
la:electrode_off,1.6487912087912089,1.6487912087912089,1.6495970695970696
ra:electrode_off,1.650805860805861,1.6504029304029304,1.6512087912087912
rl:electrode_off,1.65,1.6532234432234434,1.6516117216117214
la:electrode_high_z:+5,1.652820512820513,1.6487912087912089,1.6495970695970696
la:electrode_high_z:+20,1.6495970695970696,1.6536263736263737,1.652014652014652
ra:electrode_high_z:+5,1.6512087912087912,1.6495970695970696,1.6512087912087912
ra:electrode_high_z:+20,1.647985347985348,1.647985347985348,1.6495970695970696
rl:electrode_high_z:+5,1.65,1.6487912087912089,1.6495970695970696
rl:electrode_high_z:+20,1.6495970695970696,1.6487912087912089,1.6487912087912089
la+ra:electrode_high_z:+5,1.652820512820513,1.6512087912087912,1.6512087912087912
la+ra:electrode_high_z:+20,1.6512087912087912,1.6463736263736264,1.6504029304029304
