,R1,R2,R3,R4,C1,C2,C3,R5,R6,R7,R8,C4,R9,C5,R10,R11,R12,R13,R14,C6,C7,R15,R16,C8
dc_out,-7.66053886991358e-15,5.551115123125783e-16,-8.215650382226158e-15,7.66053886991358e-15,0.0,0.0,0.0,-7.66053886991358e-15,0.0,1.587618925213974e-14,-7.66053886991358e-15,0.0,7.66053886991358e-15,0.0,-4.4357850725873504e-12,1.1219593593070343e-06,-1.1218472811824753e-06,-3.3306690738754696e-16,-1.1102230246251565e-16,0.0,0.0,-0.00824962052874989,0.008249620528755441,0.0
dc_ina_out,-6.618794401447303e-11,6.605560542993771e-11,4.089486527192321e-10,-4.0906433795839803e-10,0.0,0.0,0.0,-4.894973315572315e-13,-2.0883295093199195e-13,1.5210055437364645e-14,-1.3100631690576847e-14,0.0,-1.525446435834965e-13,0.0,-1.1102230246251565e-16,9.992007221626409e-16,-1.1102230246251565e-16,0.0,0.0,0.0,0.0,-0.00825018150485668,0.008250181504856346,0.0
dc_rld_out,7.958078640513122e-12,8.182898802999716e-12,-3.011835225663617e-10,-3.011861871016208e-10,0.0,0.0,0.0,-1.1368683772161603e-13,0.0,-3.478350940611108e-11,3.487210520347617e-11,0.0,3.28865490395458e-10,0.0,2.55351295663786e-15,-2.3647750424515834e-14,2.55351295663786e-15,0.0,0.0,0.0,0.0,-0.008250206539682559,0.008250206539693106,0.0
acd_mag_0.05,-0.0010649519007017716,-0.0010628110399437674,0.0066033535227632,0.006590078224732565,-1.2953336181453778e-09,-1.4245244983612793e-09,-5.4402576665779634e-08,-0.8048827803993248,-0.8048912752502702,8.538151519132953e-09,-8.539004170415865e-09,1.4210854715202004e-14,-1.8474111129762605e-13,0.8560435391188719,0.8560435389030516,-2.109991570145553,2.10978070519279,-5.201030717216781e-09,-5.241034273240075e-09,1.572652053027923e-07,-1.677000085464897e-07,0.0,0.0,0.0
acd_ph_0.05,-1.8770009617696815e-06,-1.8588235555228039e-06,-1.1039100336063257e-06,-1.2133062767816227e-06,-5.551330737318949e-07,-5.540167897777337e-07,-2.2182997231112722e-05,1.2415140204780073e-07,1.242232485765271e-07,7.173994731601852e-11,4.618527782440651e-14,7.179323802120052e-11,1.0658141036401503e-14,-0.28067050676089167,-0.2806705066799644,1.9494278014065003e-06,-1.9478214241530623e-06,-0.00011160294042866781,-0.00011160272441657071,-2.3240787072609237e-10,-0.00022320547094523135,-1.0658141036401503e-14,-1.0658141036401503e-14,0.0
acc_mag_0.05,-0.001711125300444343,0.0017111040117819569,0.0015787787764074612,-0.001843450132487906,-2.7346095117074948e-09,2.742872113790061e-09,7.545925039334489e-12,-6.432801390750969e-06,-6.432863794920041e-06,-6.253746216624417e-10,6.231807230623262e-10,-4.660678093459936e-12,-3.5162931453277396e-10,6.841755439975818e-06,6.841755442985129e-06,-1.6863681067954845e-05,1.6861995769852926e-05,-4.156896181439773e-14,-4.1888150933977464e-14,1.2569102659718001e-12,-1.3440975762946117e-12,1.868622444278767e-15,1.868622444278767e-15,2.218277644905342e-15
acd_mag_0.5,-0.0013701182141971913,-0.0013673663473241504,0.008494980536767116,0.008477867634070435,-1.666995785853942e-07,-1.832312648275547e-07,-6.9986161861379514e-06,-1.0355036715008339,-1.0355146003573168,1.0985530707330327e-08,-1.0986013876390643e-08,7.673861546209082e-13,-1.4210854715202004e-13,0.018232315768301532,0.018232315794818987,-2.7145617590154814,2.7142904754996096,-6.692687577469769e-07,-6.744136840097781e-07,2.0232452271784496e-05,-2.157520958689929e-05,0.0,0.0,0.0
acd_ph_0.5,-1.876996486505078e-05,-1.8588202801428366e-05,-1.1038463438861612e-05,-1.2132295628131118e-05,-5.551061022401882e-06,-5.539874281534907e-06,-0.00022181870606585719,1.241514855809811e-06,1.242231734366328e-06,7.174230098883072e-10,4.565237077258644e-13,7.178808658636626e-10,8.260059303211165e-14,-0.046459827701271994,-0.046459827667284515,1.949498582076714e-05,-1.9478921777782432e-05,-0.001116036984301516,-0.0011160348193537395,-1.8556635339450622e-08,-0.0022320536312148143,0.0,0.0,0.0
acc_mag_0.5,-0.002201391464540112,0.0022013640484761445,0.002031103724296615,-0.0023716013117575435,-3.5277644395547564e-07,3.5278241123661534e-07,3.442671495101912e-12,-8.275982752322091e-06,-8.27606946204873e-06,-8.126442090864577e-10,8.026058123233176e-10,9.570746972720201e-13,-4.409579912583589e-10,1.4571837524579752e-07,1.457183747281994e-07,-2.16956353768262e-05,2.1693467192209544e-05,-5.349007695110153e-12,-5.390127580384707e-12,1.617041654657786e-10,-1.724362050717354e-10,-1.3344360338951589e-15,-1.3344360338951589e-15,-2.401074131186398e-15
acd_mag_10,-0.0013845732668471555,-0.001382807086002913,0.00835137599918312,0.00832096001565219,-6.521899817357735e-05,-7.172088606921534e-05,-0.00273879767232188,-1.0379030368398219,-1.0379139906428918,1.1332446092637838e-08,-1.10216831217258e-08,3.120419478364056e-10,-3.481659405224491e-11,4.598566752633815e-05,4.598569930180929e-05,-2.720850776505955,2.7205788656568757,-0.00029201283248880827,-0.0002940667071413827,0.008085544416161383,-0.008671244305674009,-1.1368683772161603e-13,-1.1368683772161603e-13,0.0
acd_ph_10,-0.00037508553143750234,-0.00037144923063703317,-0.00021544797537575988,-0.0002369121868870394,-0.00010888953812804303,-0.00010849275952562465,-0.004347645949103196,2.482969398354129e-05,2.4844027796788737e-05,1.4360147293501768e-08,1.0307754649829803e-11,1.4370453715883968e-08,1.3851142455223453e-12,-0.002338376051346902,-0.002338375631961487,0.00038989060757188554,-0.00038956933451661513,-0.022381077885559986,-0.02238099550879502,-0.00013116097888898892,-0.04463091377777584,0.0,0.0,0.0
acc_mag_10,-0.002199341845844709,0.0021993110370902413,0.0020206607921087255,-0.0023582398899561156,-0.0001246895659797508,0.0001246894997047577,-5.953354129117905e-14,-8.302638980134391e-06,-8.302726669790709e-06,-7.269982324475954e-10,8.04350642081425e-10,7.711664683565655e-11,-1.9805378192495893e-10,3.6777842425152196e-10,3.6779573375604613e-10,-2.1765501662436397e-05,2.1763326500985917e-05,-2.3359629636437312e-09,-2.352392711613832e-09,6.468048432939875e-08,-6.936580683306916e-08,9.788177213199134e-16,9.788177213199134e-16,4.662286182122166e-15
acd_mag_50,-0.0015414534470323815,-0.0015631139418132989,0.0058100679640062936,0.005579221354281572,-0.001012055335849027,-0.0011246470602657155,-0.042734045220782946,-1.0188146329711572,-1.0188253770523374,2.2446670300269034e-08,-1.0962196483887965e-08,1.1485326467663981e-08,-8.630252068542177e-10,1.8058263435705157e-06,1.805859909609353e-06,-2.670790185199394,2.6705233047028685,-0.020993278138718097,-0.02103833952097034,0.1825693440104601,-0.22458663266283452,1.1368683772161603e-13,1.1368683772161603e-13,0.0
acd_ph_50,-0.0018527519343507493,-0.0018344165050070416,-0.000681161094084004,-0.0007568893487643891,-0.00038587340134910164,-0.00037053123960539835,-0.015128093280672772,0.0001241515515015834,0.00012422302011749764,7.272884872122631e-08,7.72875097254655e-11,7.28061237964539e-08,2.7535307367543282e-11,-0.00046769421406445133,-0.0004676921202406703,0.0019495682752683763,-0.0019479618770255058,-0.11858553457731702,-0.11858052203708347,-0.01623042307403111,-0.2209351710201961,1.7763568394002505e-15,1.7763568394002505e-15,0.0
acc_mag_50,-0.0020239623442155413,0.0020238866362885305,0.001743993840779657,-0.002013278268555121,-0.0010276702974581374,0.0010276489896918703,6.305004261741853e-14,-8.262724674263072e-06,-8.262811923923693e-06,2.438494051430415e-09,7.572937123310336e-10,3.1957105145734993e-09,5.6356793474553885e-09,1.4574752212406783e-11,1.4577025350681616e-11,-2.166075026569566e-05,2.1658585790144394e-05,-1.7026054735720143e-07,-1.706260094990874e-07,1.4806813788117643e-06,-1.8214517141848779e-06,4.121919819355391e-15,4.121919819355391e-15,7.389922007661198e-16
acd_mag_150,-0.0017008626225276657,-0.0018753626001739576,0.002187943657958158,0.0017599612987453384,-0.0017752815789293663,-0.0021160980430892096,-0.07782760320746718,-0.826009602909977,-0.8260182641599272,1.3102867058023548e-07,-8.942791396293615e-09,1.2208558075599285e-07,-6.106034788899706e-09,1.6271692970803997e-07,1.6275926384423656e-07,-2.1652218263345446,2.165005650673521,-0.681030903899071,-0.6810545565024455,0.3321781681258784,-1.6942194905737864,0.0,0.0,0.0
acd_ph_150,-0.005468962425503321,-0.005410268595028356,-0.0004912945408150904,-0.0005855346328971223,-0.0005377038943805701,-0.0004324539597888588,-0.01940316772765982,0.0003724687856774267,0.0003726817792610859,2.1944237715842974e-07,3.377564894435636e-10,2.1978014075330066e-07,6.673772645626741e-10,-0.00015590417919497668,-0.00015589789784087316,0.0058575652982213455,-0.005852745370177104,-0.37553860462761435,-0.3754578055586606,-0.2989384475759209,-0.45208702432636727,0.0,0.0,0.0
acc_mag_150,-0.0012587497160117668,0.0012586157161296604,0.0011624196010164576,-0.0012781604250756062,-0.0012871606345529684,0.0012871770894562985,-3.090084611800936e-15,-6.838723950711883e-06,-6.8387955057642395e-06,3.5709810245745585e-08,6.432490672926561e-10,3.635306335494394e-08,4.461448220734708e-08,1.2800217700018046e-12,1.2886958210625576e-12,-1.7926962571072035e-05,1.7925172745716185e-05,-5.638598665463641e-06,-5.6387944967806235e-06,2.7502707549188505e-06,-1.4027298475074307e-05,3.4996961925659598e-15,3.4996961925659598e-15,-2.127855183720051e-15
zlo_mag_10,27230.265346840024,27230.265205476433,1022.5220461376011,1022.5219833999872,-8.39831979200244,-8.398848790675402,-335.9433687925339,-127310.1375551112,-127311.48115861788,0.0,0.0,0.0,0.0,5.640644147992134,5.640647999942303,-333742.049431812,333708.69659785554,-35.818561639636755,-36.070491805672646,991.7802870646119,-1063.6227722205222,0.0,0.0,0.0
zlo_mag_100,19038.87362657301,19038.876960678026,226.87268292717636,226.87233230657876,-134.17685075104237,-134.18884704820812,-5367.313631853089,-68247.19052121416,-68247.90866244584,3.3527612686157227e-08,0.0,0.0,0.0,0.03023979440331459,0.030242502689361572,-178903.7817135621,178885.91034413688,-15765.913871932775,-15773.242647433653,34064.28194897622,-65597.61099686101,0.0,0.0,0.0
pulse_baseline,8.658302963482356e-10,-3.4951930238946716e-11,9.373722908989635e-10,3.92199828169737e-10,1.2647187741521293e-09,3.123786784797744e-10,1.8402290802299603e-10,2.7641666733302372e-11,-1.0237160008585988e-09,4.011566634432029e-10,-3.323651354136814e-10,-8.584346566919976e-10,3.3785085840065676e-11,-2.44311126884611e-10,7.229129517227761e-10,1.1211070635175346e-06,-1.1218319673211852e-06,1.5490475568924467e-10,3.3439917501709715e-12,1.2027601137276633e-11,-1.858513343222512e-12,-0.008249619652025975,0.008249621393469853,6.416756015426017e-12
pulse_peak,-7.95947903031724e-07,-6.623768037394839e-07,6.122384239692913e-06,5.851946425550203e-06,2.2547624398683297e-06,-3.041926146529761e-07,-4.3701408934282426e-05,-0.0010656295596074283,-0.001064262971494312,-3.0476309699212223e-06,-7.809585200746483e-10,-3.048554923501534e-06,2.9593117178983164e-08,1.8159444813425907e-06,1.8164393296160597e-06,-0.0027929558601362814,0.002792664137338585,-1.0264138592841476e-05,-9.422631333300124e-06,0.0003502457899858813,-0.00036982538678465016,4.488717080253224e-07,-4.4798792986355807e-07,-8.975598042582078e-12
pulse_end,-1.2953471665300142e-06,-1.2970689515778844e-06,8.111527261323026e-06,8.0926866639075e-06,8.552999308797382e-09,3.66193453338326e-09,8.399522610780252e-08,-0.0009876270380356766,-0.0009876427819172084,1.8183350380951424e-09,-1.732228693818172e-09,-4.415063759033444e-09,-1.7115420192226338e-11,0.00013310081164275012,0.00013310550829781498,-0.0025890638779684227,0.002588800837539873,4.1854821697384637e-07,4.176328194382961e-07,-1.8354107123030872e-10,8.354782708996922e-07,4.505124384657222e-09,4.4509448349216996e-09,5.870870456448074e-11
pulse_undershoot,7.120459337817131e-06,1.6198872602735115e-05,3.981688937559902e-06,2.480040533492378e-06,2.6956097876063012e-05,1.2413201744720936e-05,6.651499883969514e-05,5.86556777434355e-05,7.821122781126455e-05,-2.5887622774556363e-05,-9.647895482522983e-09,-2.3781776872233706e-05,1.5327702908018992e-06,0.00011850979516681015,0.00011851287931163856,0.0001759187467534895,-0.0001757722292439201,4.6506828177306225e-05,5.748750895040455e-05,-0.00034144945337089005,0.0004465839749804301,6.350314796343959e-06,-6.3543184593006785e-06,-3.2394864568630055e-10
pulse_tail,7.215294850482223e-08,5.7161300914820856e-08,-3.3986118863627013e-07,-3.495882924253735e-07,2.271285148847113e-08,5.106905565099851e-09,-5.206307607252825e-10,4.3451824053741817e-05,4.343395436834374e-05,5.946107606291662e-09,-6.0490837894278116e-09,-1.5146300103019428e-08,-1.7805790175629e-10,9.197244414571593e-05,9.198882947214493e-05,0.00011389514465354189,-0.00011389847403309172,-1.5164815514445706e-08,-1.8371119514526413e-08,1.5804135777841566e-11,-3.673287241046097e-08,1.5769315409031037e-08,1.544284533583351e-08,-1.0242562353823814e-10
pulse_rise_time,0.0,0.0,0.0,0.0,0.0,0.0,0.0,0.0,0.0,0.0,0.0,0.0,0.0,0.0,0.0,0.0,0.0,0.0,0.0,0.0,0.0,0.0,0.0,0.0
pulse_area,-2.841259028399379e-07,-2.831535678704533e-07,1.6314949704658577e-06,1.6259335619342452e-06,1.771834024638652e-08,-7.928470172058333e-10,-3.077128911954663e-07,-0.00020066900924392214,-0.00020066039766113847,-2.26934392492939e-08,-2.134051546587301e-10,-2.3453023786923488e-08,1.0359585862762533e-09,1.3440630810865328e-05,1.3441191363396804e-05,-0.0005260245679460408,0.0005259714228523678,-1.6419292583162715e-06,-1.63536948897397e-06,-7.431471129443201e-09,-3.26976075933072e-06,3.737934510528174e-09,-2.662873383602049e-09,8.864575740119562e-12
